logit_position_t,input_id_at_t,raw_token_at_t,label_at_t_plus_1,contributes_to_ce,target_raw_token,input_is_padding
0,1,<|im_start|>,4106,True,ç»Ļå®ļ,False
1,4106,ç»Ļå®ļ,3875,True,ä¸Ģæ®µ,False
2,3875,ä¸Ģæ®µ,1896,True,æĸĩæľ¬,False
3,1896,æĸĩæľ¬,334,True,åĴĮ,False
4,334,åĴĮ,6255,True,åħ³éĶ®è¯į,False
5,6255,åħ³éĶ®è¯į,1514,True,åĪĹè¡¨,False
6,1514,åĪĹè¡¨,294,True,ï¼Į,False
7,294,ï¼Į,4068,True,åĪłéĻ¤,False
8,4068,åĪłéĻ¤,1896,True,æĸĩæľ¬,False
9,1896,æĸĩæľ¬,388,True,ä¸Ń,False
10,388,ä¸Ń,1863,True,åĮħåĲ«,False
11,1863,åĮħåĲ«,1470,True,æīĢæľī,False
12,1470,æīĢæľī,4106,True,ç»Ļå®ļ,False
13,4106,ç»Ļå®ļ,6255,True,åħ³éĶ®è¯į,False
14,6255,åħ³éĶ®è¯į,296,True,çļĦ,False
15,296,çļĦ,663,True,åŃĲ,False
16,663,åŃĲ,1965,True,åŃĹç¬¦ä¸²,False
17,1965,åŃĹç¬¦ä¸²,302,True,ãĢĤ,False
18,302,ãĢĤ,234,True,Ċ,False
19,234,Ċ,1896,True,æĸĩæľ¬,False
20,1896,æĸĩæľ¬,337,True,ï¼ļ,False
21,337,ï¼ļ,37,True,"""",False
22,37,"""",3940,True,è¿Ļæĺ¯ä¸Ģä¸ª,False
23,3940,è¿Ļæĺ¯ä¸Ģä¸ª,1987,True,æµĭè¯ķ,False
24,1987,æµĭè¯ķ,3183,True,åı¥åŃĲ,False
25,3183,åı¥åŃĲ,294,True,ï¼Į,False
26,294,ï¼Į,723,True,çĽ®,False
27,723,çĽ®,1654,True,çļĦæĺ¯,False
28,1654,çļĦæĺ¯,1336,True,çľĭ,False
29,1336,çľĭ,1336,True,çľĭ,False
30,1336,çľĭ,1135,True,æ¨¡åŀĭ,False
31,1135,æ¨¡åŀĭ,1461,True,æĺ¯åĲ¦,False
32,1461,æĺ¯åĲ¦,410,True,åı¯ä»¥,False
33,410,åı¯ä»¥,2476,True,æŃ£ç¡®,False
34,2476,æŃ£ç¡®,553,True,åľ°,False
35,553,åľ°,860,True,ä»İ,False
36,860,ä»İ,904,True,è¿Ļä¸ª,False
37,904,è¿Ļä¸ª,3183,True,åı¥åŃĲ,False
38,3183,åı¥åŃĲ,388,True,ä¸Ń,False
39,388,ä¸Ń,4068,True,åĪłéĻ¤,False
40,4068,åĪłéĻ¤,6255,True,åħ³éĶ®è¯į,False
41,6255,åħ³éĶ®è¯į,302,True,ãĢĤ,False
42,302,ãĢĤ,37,True,"""",False
43,37,"""",95,True,\,False
44,95,\,113,True,n,False
45,113,n,6255,True,åħ³éĶ®è¯į,False
46,6255,åħ³éĶ®è¯į,1514,True,åĪĹè¡¨,False
47,1514,åĪĹè¡¨,337,True,ï¼ļ,False
48,337,ï¼ļ,94,True,[,False
49,94,[,462,True,âĢ,False
50,462,âĢ,282,True,ĺ,False
51,282,ĺ,1987,True,æµĭè¯ķ,False
52,1987,æµĭè¯ķ,2946,True,âĢĻ,False
53,2946,âĢĻ,294,True,ï¼Į,False
54,294,ï¼Į,462,True,âĢ,False
55,462,âĢ,282,True,ĺ,False
56,282,ĺ,1135,True,æ¨¡åŀĭ,False
57,1135,æ¨¡åŀĭ,2946,True,âĢĻ,False
58,2946,âĢĻ,96,True,],False
59,96,],4068,True,åĪłéĻ¤,False
60,4068,åĪłéĻ¤,1863,True,åĮħåĲ«,False
61,1863,åĮħåĲ«,1470,True,æīĢæľī,False
62,1470,æīĢæľī,4106,True,ç»Ļå®ļ,False
63,4106,ç»Ļå®ļ,6255,True,åħ³éĶ®è¯į,False
64,6255,åħ³éĶ®è¯į,296,True,çļĦ,False
65,296,çļĦ,663,True,åŃĲ,False
66,663,åŃĲ,1965,True,åŃĹç¬¦ä¸²,False
67,1965,åŃĹç¬¦ä¸²,701,True,åĲİ,False
68,701,åĲİ,294,True,ï¼Į,False
69,294,ï¼Į,1896,True,æĸĩæľ¬,False
70,1896,æĸĩæľ¬,828,True,åıĺ,False
71,828,åıĺ,418,True,ä¸º,False
72,418,ä¸º,337,True,ï¼ļ,False
73,337,ï¼ļ,37,True,"""",False
74,37,"""",3940,True,è¿Ļæĺ¯ä¸Ģä¸ª,False
75,3940,è¿Ļæĺ¯ä¸Ģä¸ª,3183,True,åı¥åŃĲ,False
76,3183,åı¥åŃĲ,294,True,ï¼Į,False
77,294,ï¼Į,723,True,çĽ®,False
78,723,çĽ®,1654,True,çļĦæĺ¯,False
79,1654,çļĦæĺ¯,1336,True,çľĭ,False
80,1336,çľĭ,1336,True,çľĭ,False
81,1336,çľĭ,1461,True,æĺ¯åĲ¦,False
82,1461,æĺ¯åĲ¦,410,True,åı¯ä»¥,False
83,410,åı¯ä»¥,2476,True,æŃ£ç¡®,False
84,2476,æŃ£ç¡®,553,True,åľ°,False
85,553,åľ°,860,True,ä»İ,False
86,860,ä»İ,904,True,è¿Ļä¸ª,False
87,904,è¿Ļä¸ª,3183,True,åı¥åŃĲ,False
88,3183,åı¥åŃĲ,388,True,ä¸Ń,False
89,388,ä¸Ń,4068,True,åĪłéĻ¤,False
90,4068,åĪłéĻ¤,6255,True,åħ³éĶ®è¯į,False
91,6255,åħ³éĶ®è¯į,302,True,ãĢĤ,False
92,302,ãĢĤ,37,True,"""",False
93,37,"""",1674,True,å¥½çļĦ,False
94,1674,å¥½çļĦ,302,True,ãĢĤ,False
95,302,ãĢĤ,4264,True,çİ°åľ¨,False
96,4264,çİ°åľ¨,960,True,è¯·,False
97,960,è¯·,441,True,ä½ł,False
98,441,ä½ł,623,True,å°Ĩ,False
99,623,å°Ĩ,904,True,è¿Ļä¸ª,False
100,904,è¿Ļä¸ª,1896,True,æĸĩæľ¬,False
101,1896,æĸĩæľ¬,388,True,ä¸Ń,False
102,388,ä¸Ń,4062,True,çļĦæīĢæľī,False
103,4062,çļĦæīĢæľī,296,True,çļĦ,False
104,296,çļĦ,356,True,éĢ,False
105,356,éĢ,281,True,Ĺ,False
106,281,Ĺ,1575,True,åı·,False
107,1575,åı·,857,True,éĥ½,False
108,857,éĥ½,5816,True,æĽ¿æį¢,False
109,5816,æĽ¿æį¢,488,True,æĪĲ,False
110,488,æĪĲ,1273,True,ç©º,False
111,1273,ç©º,1073,True,æł¼,False
112,1073,æł¼,302,True,ãĢĤ,False
113,302,ãĢĤ,1674,True,å¥½çļĦ,False
114,1674,å¥½çļĦ,294,True,ï¼Į,False
115,294,ï¼Į,960,True,è¯·,False
116,960,è¯·,528,True,ç¨,False
117,528,ç¨,271,True,į,False
118,271,į,464,True,çŃī,False
119,464,çŃī,2360,True,ä¸Ģä¸ĭ,False
120,2360,ä¸Ģä¸ĭ,294,True,ï¼Į,False
121,294,ï¼Į,4264,True,çİ°åľ¨,False
122,4264,çİ°åľ¨,3714,True,æĪĳä¼ļ,False
123,3714,æĪĳä¼ļ,623,True,å°Ĩ,False
124,623,å°Ĩ,1896,True,æĸĩæľ¬,False
125,1896,æĸĩæľ¬,388,True,ä¸Ń,False
126,388,ä¸Ń,4062,True,çļĦæīĢæľī,False
127,4062,çļĦæīĢæľī,356,True,éĢ,False
128,356,éĢ,281,True,Ĺ,False
129,281,Ĺ,1575,True,åı·,False
130,1575,åı·,5816,True,æĽ¿æį¢,False
131,5816,æĽ¿æį¢,418,True,ä¸º,False
132,418,ä¸º,1273,True,ç©º,False
133,1273,ç©º,1073,True,æł¼,False
134,1073,æł¼,302,True,ãĢĤ,False
135,302,ãĢĤ,958,True,å¤ĦçĲĨ,False
136,958,å¤ĦçĲĨ,701,True,åĲİ,False
137,701,åĲİ,1896,True,æĸĩæľ¬,False
138,1896,æĸĩæľ¬,418,True,ä¸º,False
139,418,ä¸º,337,True,ï¼ļ,False
140,337,ï¼ļ,37,True,"""",False
141,37,"""",3940,True,è¿Ļæĺ¯ä¸Ģä¸ª,False
142,3940,è¿Ļæĺ¯ä¸Ģä¸ª,3183,True,åı¥åŃĲ,False
143,3183,åı¥åŃĲ,256,True,Ġ,False
144,256,Ġ,723,True,çĽ®,False
145,723,çĽ®,1654,True,çļĦæĺ¯,False
146,1654,çļĦæĺ¯,1336,True,çľĭ,False
147,1336,çľĭ,1336,True,çľĭ,False
148,1336,çľĭ,1461,True,æĺ¯åĲ¦,False
149,1461,æĺ¯åĲ¦,410,True,åı¯ä»¥,False
150,410,åı¯ä»¥,2476,True,æŃ£ç¡®,False
151,2476,æŃ£ç¡®,553,True,åľ°,False
152,553,åľ°,860,True,ä»İ,False
153,860,ä»İ,904,True,è¿Ļä¸ª,False
154,904,è¿Ļä¸ª,3183,True,åı¥åŃĲ,False
155,3183,åı¥åŃĲ,388,True,ä¸Ń,False
156,388,ä¸Ń,4068,True,åĪłéĻ¤,False
157,4068,åĪłéĻ¤,6255,True,åħ³éĶ®è¯į,False
158,6255,åħ³éĶ®è¯į,302,True,ãĢĤ,False
159,302,ãĢĤ,37,True,"""",False
160,37,"""",302,True,ãĢĤ,False
161,302,ãĢĤ,958,True,å¤ĦçĲĨ,False
162,958,å¤ĦçĲĨ,1656,True,ç»ĵæŀľ,False
163,1656,ç»ĵæŀľ,1185,True,å¦Ĥä½ķ,False
164,1185,å¦Ĥä½ķ,776,True,ï¼Ł,False
165,776,ï¼Ł,2,True,<|im_end|>,False
166,2,<|im_end|>,-100,False,,False
167,0,<|endoftext|>,-100,False,,True
168,0,<|endoftext|>,-100,False,,True
169,0,<|endoftext|>,-100,False,,True
170,0,<|endoftext|>,-100,False,,True
171,0,<|endoftext|>,-100,False,,True
172,0,<|endoftext|>,-100,False,,True
173,0,<|endoftext|>,-100,False,,True
174,0,<|endoftext|>,-100,False,,True
175,0,<|endoftext|>,-100,False,,True
176,0,<|endoftext|>,-100,False,,True
177,0,<|endoftext|>,-100,False,,True
178,0,<|endoftext|>,-100,False,,True
179,0,<|endoftext|>,-100,False,,True
180,0,<|endoftext|>,-100,False,,True
181,0,<|endoftext|>,-100,False,,True
182,0,<|endoftext|>,-100,False,,True
183,0,<|endoftext|>,-100,False,,True
184,0,<|endoftext|>,-100,False,,True
185,0,<|endoftext|>,-100,False,,True
186,0,<|endoftext|>,-100,False,,True
187,0,<|endoftext|>,-100,False,,True
188,0,<|endoftext|>,-100,False,,True
189,0,<|endoftext|>,-100,False,,True
190,0,<|endoftext|>,-100,False,,True
191,0,<|endoftext|>,-100,False,,True
192,0,<|endoftext|>,-100,False,,True
193,0,<|endoftext|>,-100,False,,True
194,0,<|endoftext|>,-100,False,,True
195,0,<|endoftext|>,-100,False,,True
196,0,<|endoftext|>,-100,False,,True
197,0,<|endoftext|>,-100,False,,True
198,0,<|endoftext|>,-100,False,,True
199,0,<|endoftext|>,-100,False,,True
200,0,<|endoftext|>,-100,False,,True
201,0,<|endoftext|>,-100,False,,True
202,0,<|endoftext|>,-100,False,,True
203,0,<|endoftext|>,-100,False,,True
204,0,<|endoftext|>,-100,False,,True
205,0,<|endoftext|>,-100,False,,True
206,0,<|endoftext|>,-100,False,,True
207,0,<|endoftext|>,-100,False,,True
208,0,<|endoftext|>,-100,False,,True
209,0,<|endoftext|>,-100,False,,True
210,0,<|endoftext|>,-100,False,,True
211,0,<|endoftext|>,-100,False,,True
212,0,<|endoftext|>,-100,False,,True
213,0,<|endoftext|>,-100,False,,True
214,0,<|endoftext|>,-100,False,,True
215,0,<|endoftext|>,-100,False,,True
216,0,<|endoftext|>,-100,False,,True
217,0,<|endoftext|>,-100,False,,True
218,0,<|endoftext|>,-100,False,,True
219,0,<|endoftext|>,-100,False,,True
220,0,<|endoftext|>,-100,False,,True
221,0,<|endoftext|>,-100,False,,True
222,0,<|endoftext|>,-100,False,,True
223,0,<|endoftext|>,-100,False,,True
224,0,<|endoftext|>,-100,False,,True
225,0,<|endoftext|>,-100,False,,True
226,0,<|endoftext|>,-100,False,,True
227,0,<|endoftext|>,-100,False,,True
228,0,<|endoftext|>,-100,False,,True
229,0,<|endoftext|>,-100,False,,True
230,0,<|endoftext|>,-100,False,,True
231,0,<|endoftext|>,-100,False,,True
232,0,<|endoftext|>,-100,False,,True
233,0,<|endoftext|>,-100,False,,True
234,0,<|endoftext|>,-100,False,,True
235,0,<|endoftext|>,-100,False,,True
236,0,<|endoftext|>,-100,False,,True
237,0,<|endoftext|>,-100,False,,True
238,0,<|endoftext|>,-100,False,,True
239,0,<|endoftext|>,-100,False,,True
240,0,<|endoftext|>,-100,False,,True
241,0,<|endoftext|>,-100,False,,True
242,0,<|endoftext|>,-100,False,,True
243,0,<|endoftext|>,-100,False,,True
244,0,<|endoftext|>,-100,False,,True
245,0,<|endoftext|>,-100,False,,True
246,0,<|endoftext|>,-100,False,,True
247,0,<|endoftext|>,-100,False,,True
248,0,<|endoftext|>,-100,False,,True
249,0,<|endoftext|>,-100,False,,True
250,0,<|endoftext|>,-100,False,,True
251,0,<|endoftext|>,-100,False,,True
252,0,<|endoftext|>,-100,False,,True
253,0,<|endoftext|>,-100,False,,True
254,0,<|endoftext|>,-100,False,,True
255,0,<|endoftext|>,-100,False,,True
256,0,<|endoftext|>,-100,False,,True
257,0,<|endoftext|>,-100,False,,True
258,0,<|endoftext|>,-100,False,,True
259,0,<|endoftext|>,-100,False,,True
260,0,<|endoftext|>,-100,False,,True
261,0,<|endoftext|>,-100,False,,True
262,0,<|endoftext|>,-100,False,,True
263,0,<|endoftext|>,-100,False,,True
264,0,<|endoftext|>,-100,False,,True
265,0,<|endoftext|>,-100,False,,True
266,0,<|endoftext|>,-100,False,,True
267,0,<|endoftext|>,-100,False,,True
268,0,<|endoftext|>,-100,False,,True
269,0,<|endoftext|>,-100,False,,True
270,0,<|endoftext|>,-100,False,,True
271,0,<|endoftext|>,-100,False,,True
272,0,<|endoftext|>,-100,False,,True
273,0,<|endoftext|>,-100,False,,True
274,0,<|endoftext|>,-100,False,,True
275,0,<|endoftext|>,-100,False,,True
276,0,<|endoftext|>,-100,False,,True
277,0,<|endoftext|>,-100,False,,True
278,0,<|endoftext|>,-100,False,,True
279,0,<|endoftext|>,-100,False,,True
280,0,<|endoftext|>,-100,False,,True
281,0,<|endoftext|>,-100,False,,True
282,0,<|endoftext|>,-100,False,,True
283,0,<|endoftext|>,-100,False,,True
284,0,<|endoftext|>,-100,False,,True
285,0,<|endoftext|>,-100,False,,True
286,0,<|endoftext|>,-100,False,,True
287,0,<|endoftext|>,-100,False,,True
288,0,<|endoftext|>,-100,False,,True
289,0,<|endoftext|>,-100,False,,True
290,0,<|endoftext|>,-100,False,,True
291,0,<|endoftext|>,-100,False,,True
292,0,<|endoftext|>,-100,False,,True
293,0,<|endoftext|>,-100,False,,True
294,0,<|endoftext|>,-100,False,,True
295,0,<|endoftext|>,-100,False,,True
296,0,<|endoftext|>,-100,False,,True
297,0,<|endoftext|>,-100,False,,True
298,0,<|endoftext|>,-100,False,,True
299,0,<|endoftext|>,-100,False,,True
300,0,<|endoftext|>,-100,False,,True
301,0,<|endoftext|>,-100,False,,True
302,0,<|endoftext|>,-100,False,,True
303,0,<|endoftext|>,-100,False,,True
304,0,<|endoftext|>,-100,False,,True
305,0,<|endoftext|>,-100,False,,True
306,0,<|endoftext|>,-100,False,,True
307,0,<|endoftext|>,-100,False,,True
308,0,<|endoftext|>,-100,False,,True
309,0,<|endoftext|>,-100,False,,True
310,0,<|endoftext|>,-100,False,,True
311,0,<|endoftext|>,-100,False,,True
312,0,<|endoftext|>,-100,False,,True
313,0,<|endoftext|>,-100,False,,True
314,0,<|endoftext|>,-100,False,,True
315,0,<|endoftext|>,-100,False,,True
316,0,<|endoftext|>,-100,False,,True
317,0,<|endoftext|>,-100,False,,True
318,0,<|endoftext|>,-100,False,,True
319,0,<|endoftext|>,-100,False,,True
320,0,<|endoftext|>,-100,False,,True
321,0,<|endoftext|>,-100,False,,True
322,0,<|endoftext|>,-100,False,,True
323,0,<|endoftext|>,-100,False,,True
324,0,<|endoftext|>,-100,False,,True
325,0,<|endoftext|>,-100,False,,True
326,0,<|endoftext|>,-100,False,,True
327,0,<|endoftext|>,-100,False,,True
328,0,<|endoftext|>,-100,False,,True
329,0,<|endoftext|>,-100,False,,True
330,0,<|endoftext|>,-100,False,,True
331,0,<|endoftext|>,-100,False,,True
332,0,<|endoftext|>,-100,False,,True
333,0,<|endoftext|>,-100,False,,True
334,0,<|endoftext|>,-100,False,,True
335,0,<|endoftext|>,-100,False,,True
336,0,<|endoftext|>,-100,False,,True
337,0,<|endoftext|>,-100,False,,True
338,0,<|endoftext|>,-100,False,,True
339,0,<|endoftext|>,-100,False,,True
340,0,<|endoftext|>,-100,False,,True
341,0,<|endoftext|>,-100,False,,True
342,0,<|endoftext|>,-100,False,,True
343,0,<|endoftext|>,-100,False,,True
344,0,<|endoftext|>,-100,False,,True
345,0,<|endoftext|>,-100,False,,True
346,0,<|endoftext|>,-100,False,,True
347,0,<|endoftext|>,-100,False,,True
348,0,<|endoftext|>,-100,False,,True
349,0,<|endoftext|>,-100,False,,True
350,0,<|endoftext|>,-100,False,,True
351,0,<|endoftext|>,-100,False,,True
352,0,<|endoftext|>,-100,False,,True
353,0,<|endoftext|>,-100,False,,True
354,0,<|endoftext|>,-100,False,,True
355,0,<|endoftext|>,-100,False,,True
356,0,<|endoftext|>,-100,False,,True
357,0,<|endoftext|>,-100,False,,True
358,0,<|endoftext|>,-100,False,,True
359,0,<|endoftext|>,-100,False,,True
360,0,<|endoftext|>,-100,False,,True
361,0,<|endoftext|>,-100,False,,True
362,0,<|endoftext|>,-100,False,,True
363,0,<|endoftext|>,-100,False,,True
364,0,<|endoftext|>,-100,False,,True
365,0,<|endoftext|>,-100,False,,True
366,0,<|endoftext|>,-100,False,,True
367,0,<|endoftext|>,-100,False,,True
368,0,<|endoftext|>,-100,False,,True
369,0,<|endoftext|>,-100,False,,True
370,0,<|endoftext|>,-100,False,,True
371,0,<|endoftext|>,-100,False,,True
372,0,<|endoftext|>,-100,False,,True
373,0,<|endoftext|>,-100,False,,True
374,0,<|endoftext|>,-100,False,,True
375,0,<|endoftext|>,-100,False,,True
376,0,<|endoftext|>,-100,False,,True
377,0,<|endoftext|>,-100,False,,True
378,0,<|endoftext|>,-100,False,,True
379,0,<|endoftext|>,-100,False,,True
380,0,<|endoftext|>,-100,False,,True
381,0,<|endoftext|>,-100,False,,True
382,0,<|endoftext|>,-100,False,,True
383,0,<|endoftext|>,-100,False,,True
384,0,<|endoftext|>,-100,False,,True
385,0,<|endoftext|>,-100,False,,True
386,0,<|endoftext|>,-100,False,,True
387,0,<|endoftext|>,-100,False,,True
388,0,<|endoftext|>,-100,False,,True
389,0,<|endoftext|>,-100,False,,True
390,0,<|endoftext|>,-100,False,,True
391,0,<|endoftext|>,-100,False,,True
392,0,<|endoftext|>,-100,False,,True
393,0,<|endoftext|>,-100,False,,True
394,0,<|endoftext|>,-100,False,,True
395,0,<|endoftext|>,-100,False,,True
396,0,<|endoftext|>,-100,False,,True
397,0,<|endoftext|>,-100,False,,True
398,0,<|endoftext|>,-100,False,,True
399,0,<|endoftext|>,-100,False,,True
400,0,<|endoftext|>,-100,False,,True
401,0,<|endoftext|>,-100,False,,True
402,0,<|endoftext|>,-100,False,,True
403,0,<|endoftext|>,-100,False,,True
404,0,<|endoftext|>,-100,False,,True
405,0,<|endoftext|>,-100,False,,True
406,0,<|endoftext|>,-100,False,,True
407,0,<|endoftext|>,-100,False,,True
408,0,<|endoftext|>,-100,False,,True
409,0,<|endoftext|>,-100,False,,True
410,0,<|endoftext|>,-100,False,,True
411,0,<|endoftext|>,-100,False,,True
412,0,<|endoftext|>,-100,False,,True
413,0,<|endoftext|>,-100,False,,True
414,0,<|endoftext|>,-100,False,,True
415,0,<|endoftext|>,-100,False,,True
416,0,<|endoftext|>,-100,False,,True
417,0,<|endoftext|>,-100,False,,True
418,0,<|endoftext|>,-100,False,,True
419,0,<|endoftext|>,-100,False,,True
420,0,<|endoftext|>,-100,False,,True
421,0,<|endoftext|>,-100,False,,True
422,0,<|endoftext|>,-100,False,,True
423,0,<|endoftext|>,-100,False,,True
424,0,<|endoftext|>,-100,False,,True
425,0,<|endoftext|>,-100,False,,True
426,0,<|endoftext|>,-100,False,,True
427,0,<|endoftext|>,-100,False,,True
428,0,<|endoftext|>,-100,False,,True
429,0,<|endoftext|>,-100,False,,True
430,0,<|endoftext|>,-100,False,,True
431,0,<|endoftext|>,-100,False,,True
432,0,<|endoftext|>,-100,False,,True
433,0,<|endoftext|>,-100,False,,True
434,0,<|endoftext|>,-100,False,,True
435,0,<|endoftext|>,-100,False,,True
436,0,<|endoftext|>,-100,False,,True
437,0,<|endoftext|>,-100,False,,True
438,0,<|endoftext|>,-100,False,,True
439,0,<|endoftext|>,-100,False,,True
440,0,<|endoftext|>,-100,False,,True
441,0,<|endoftext|>,-100,False,,True
442,0,<|endoftext|>,-100,False,,True
443,0,<|endoftext|>,-100,False,,True
444,0,<|endoftext|>,-100,False,,True
445,0,<|endoftext|>,-100,False,,True
446,0,<|endoftext|>,-100,False,,True
447,0,<|endoftext|>,-100,False,,True
448,0,<|endoftext|>,-100,False,,True
449,0,<|endoftext|>,-100,False,,True
450,0,<|endoftext|>,-100,False,,True
451,0,<|endoftext|>,-100,False,,True
452,0,<|endoftext|>,-100,False,,True
453,0,<|endoftext|>,-100,False,,True
454,0,<|endoftext|>,-100,False,,True
455,0,<|endoftext|>,-100,False,,True
456,0,<|endoftext|>,-100,False,,True
457,0,<|endoftext|>,-100,False,,True
458,0,<|endoftext|>,-100,False,,True
459,0,<|endoftext|>,-100,False,,True
460,0,<|endoftext|>,-100,False,,True
461,0,<|endoftext|>,-100,False,,True
462,0,<|endoftext|>,-100,False,,True
463,0,<|endoftext|>,-100,False,,True
464,0,<|endoftext|>,-100,False,,True
465,0,<|endoftext|>,-100,False,,True
466,0,<|endoftext|>,-100,False,,True
467,0,<|endoftext|>,-100,False,,True
468,0,<|endoftext|>,-100,False,,True
469,0,<|endoftext|>,-100,False,,True
470,0,<|endoftext|>,-100,False,,True
471,0,<|endoftext|>,-100,False,,True
472,0,<|endoftext|>,-100,False,,True
473,0,<|endoftext|>,-100,False,,True
474,0,<|endoftext|>,-100,False,,True
475,0,<|endoftext|>,-100,False,,True
476,0,<|endoftext|>,-100,False,,True
477,0,<|endoftext|>,-100,False,,True
478,0,<|endoftext|>,-100,False,,True
479,0,<|endoftext|>,-100,False,,True
480,0,<|endoftext|>,-100,False,,True
481,0,<|endoftext|>,-100,False,,True
482,0,<|endoftext|>,-100,False,,True
483,0,<|endoftext|>,-100,False,,True
484,0,<|endoftext|>,-100,False,,True
485,0,<|endoftext|>,-100,False,,True
486,0,<|endoftext|>,-100,False,,True
487,0,<|endoftext|>,-100,False,,True
488,0,<|endoftext|>,-100,False,,True
489,0,<|endoftext|>,-100,False,,True
490,0,<|endoftext|>,-100,False,,True
491,0,<|endoftext|>,-100,False,,True
492,0,<|endoftext|>,-100,False,,True
493,0,<|endoftext|>,-100,False,,True
494,0,<|endoftext|>,-100,False,,True
495,0,<|endoftext|>,-100,False,,True
496,0,<|endoftext|>,-100,False,,True
497,0,<|endoftext|>,-100,False,,True
498,0,<|endoftext|>,-100,False,,True
499,0,<|endoftext|>,-100,False,,True
500,0,<|endoftext|>,-100,False,,True
501,0,<|endoftext|>,-100,False,,True
502,0,<|endoftext|>,-100,False,,True
503,0,<|endoftext|>,-100,False,,True
504,0,<|endoftext|>,-100,False,,True
505,0,<|endoftext|>,-100,False,,True
506,0,<|endoftext|>,-100,False,,True
507,0,<|endoftext|>,-100,False,,True
508,0,<|endoftext|>,-100,False,,True
509,0,<|endoftext|>,-100,False,,True
510,0,<|endoftext|>,-100,False,,True
