kind,step,epoch,cursor,tokens,bytes,seconds,time
periodic,10,0,160,65873,2467735019,17.75364089012146,1791009602.2222557
periodic,100,0,1600,650279,2467735019,18.95891809463501,1791009761.696442
periodic,500,0,8000,3252946,2467735019,18.85837960243225,1791010406.0176525
periodic,1000,0,16000,6522597,2467735019,19.58596444129944,1791011191.0151913
periodic,1500,0,24000,9791305,2467735019,21.805821895599365,1791011970.9412062
periodic,2000,0,32000,13037859,2467735019,30.944918155670166,1791012758.2666945
periodic,2500,0,40000,16278283,2467735019,24.024566411972046,1791013528.7977035
periodic,3000,0,48000,19529308,2467735019,20.40186095237732,1791014288.6090877
periodic,3500,0,56000,22799514,2467735019,17.207971811294556,1791015057.2918174
periodic,4000,0,64000,26041819,2467735019,19.987733840942383,1791015836.4340494
periodic,4500,0,72000,29294351,2467735019,19.58253574371338,1791016609.6145415
periodic,5000,0,80000,32539478,2467735019,21.815061330795288,1791017378.3739367
periodic,5500,0,88000,35786245,2467735019,22.088067770004272,1791018151.0403817
periodic,6000,0,96000,39048101,2467735019,18.97020149230957,1791018923.4351006
periodic,6500,0,104000,42293902,2467735019,25.161824941635132,1791019702.6656792
periodic,7000,0,112000,45562915,2467735019,16.632237911224365,1791020464.1715925
periodic,7500,0,120000,48829415,2467735019,20.269367694854736,1791021228.2920861
periodic,8000,0,128000,52092533,2467735019,18.77863121032715,1791021990.5061646
periodic,8500,0,136000,55364054,2467735019,19.641074180603027,1791022781.6059535
periodic,9000,0,144000,58626845,2467735019,22.925838708877563,1791023560.2697258
periodic,9500,0,152000,61871389,2467735019,21.915069103240967,1791024338.3889258
periodic,10000,0,160000,65134602,2467735019,22.657296419143677,1791025121.2686396
periodic,10500,0,168000,68393167,2467735019,19.677830696105957,1791025898.071068
periodic,11000,0,176000,71642348,2467735019,20.777849674224854,1791026667.4298723
periodic,11500,0,184000,74922323,2467735019,19.814747095108032,1791027438.2881238
periodic,12000,0,192000,78165415,2467735019,23.97870373725891,1791028213.8909712
periodic,12500,0,200000,81424980,2467735019,24.032745361328125,1791029018.2657185
periodic,13000,0,208000,84661163,2467735019,19.750190019607544,1791029808.7962744
periodic,13500,0,216000,87910132,2467735019,21.05008554458618,1791030583.239663
periodic,14000,0,224000,91173555,2467735019,21.16508936882019,1791031362.5365708
periodic,14500,0,232000,94458137,2467735019,20.659173011779785,1791032133.7373724
periodic,15000,0,240000,97722037,2467735019,25.028276920318604,1791032899.4206223
periodic,15500,0,248000,100987441,2467735019,23.336353540420532,1791033662.495316
periodic,16000,0,256000,104235466,2467735019,23.47276759147644,1791034425.5310426
periodic,16500,0,264000,107489519,2467735019,15.981034517288208,1791035195.3319683
periodic,17000,0,272000,110754719,2467735019,18.238985300064087,1791035971.8885243
periodic,17500,0,280000,114001341,2467735019,28.456382751464844,1791036754.9722145
periodic,18000,0,288000,117263438,2467735019,21.985407829284668,1791037536.931734
periodic,18500,0,296000,120522374,2467735019,25.118597507476807,1791038314.8658063
periodic,19000,0,304000,123783187,2467735019,23.13031578063965,1791039092.2724776
periodic,19500,0,312000,127020945,2467735019,16.680678606033325,1791039863.0450857
periodic,20000,0,320000,130285581,2467735019,24.908388376235962,1791040640.7361023
periodic,20500,0,328000,133538630,2467735019,18.770694971084595,1791041414.1160994
periodic,21000,0,336000,136817842,2467735019,20.420538425445557,1791042189.8788643
periodic,21500,0,344000,140070042,2467735019,21.086732387542725,1791042964.372811
periodic,22000,0,352000,143295034,2467735019,25.888670206069946,1791043743.368785
periodic,22500,0,360000,146573728,2467735019,22.36174964904785,1791044520.6892862
periodic,23000,0,368000,149825129,2467735019,20.5706729888916,1791045294.8319726
periodic,23500,0,376000,153052152,2467735019,20.376078605651855,1791046068.977537
periodic,24000,0,384000,156309234,2467735019,20.084335327148438,1791046841.1337433
periodic,24500,0,392000,159573503,2467735019,19.775845289230347,1791047615.405353
periodic,25000,0,400000,162822768,2467735019,26.484538316726685,1791048397.4783466
periodic,25500,0,408000,166062987,2467735019,23.59800410270691,1791049175.0926657
periodic,26000,0,416000,169319625,2467735019,20.447972774505615,1791049948.2742972
periodic,26500,0,424000,172579235,2467735019,21.756799697875977,1791050725.1610894
periodic,27000,0,432000,175816179,2467735019,18.13290786743164,1791051496.8775218
periodic,27500,0,440000,179082811,2467735019,20.085846662521362,1791052270.0502608
periodic,28000,0,448000,182341972,2467735019,25.51021981239319,1791053049.381327
periodic,28500,0,456000,185595790,2467735019,25.212374925613403,1791053828.5490563
periodic,29000,0,464000,188874270,2467735019,22.535834789276123,1791054606.1181958
periodic,29500,0,472000,192107159,2467735019,21.596769094467163,1791055382.1015425
periodic,30000,0,480000,195368895,2467735019,21.492408514022827,1791056157.5143182
periodic,30500,0,488000,198621939,2467735019,20.012030839920044,1791056932.7189415
periodic,31000,0,496000,201853075,2467735019,19.540979862213135,1791057706.3190937
periodic,31500,0,504000,205102159,2467735019,22.500439882278442,1791058483.3337266
periodic,32000,0,512000,208366589,2467735019,22.249550104141235,1791059260.1542983
periodic,32500,0,520000,211629413,2467735019,19.217511892318726,1791060034.4140232
periodic,33000,0,528000,214870822,2467735019,19.646784782409668,1791060807.7048154
periodic,33500,0,536000,218121521,2467735019,19.094661951065063,1791061580.8242874
periodic,34000,0,544000,221387308,2467735019,22.803091287612915,1791062365.27344
periodic,34500,0,552000,224612641,2467735019,22.56567907333374,1791063141.3133857
periodic,35000,0,560000,227880044,2467735019,27.21302056312561,1791063924.14136
periodic,35500,0,568000,231139004,2467735019,18.74687671661377,1791064699.2857273
periodic,36000,0,576000,234388515,2467735019,18.595929622650146,1791065472.152032
periodic,36500,0,584000,237644083,2467735019,23.986413955688477,1791066251.4197955
periodic,37000,0,592000,240872644,2467735019,20.1639461517334,1791067026.563242
periodic,37500,0,600000,244112498,2467735019,22.96392560005188,1791067802.944872
periodic,38000,0,608000,247369907,2467735019,22.723027229309082,1791068580.1952336
periodic,38500,0,616000,250633985,2467735019,22.926430225372314,1791069358.3473935
periodic,39000,0,624000,253877877,2467735019,19.1996488571167,1791070132.4627619
periodic,39500,0,632000,257106920,2467735019,18.624433517456055,1791070905.4086826
periodic,40000,0,640000,260364852,2467735019,22.738192081451416,1791071684.49602
periodic,40500,0,648000,263628267,2467735019,20.834693908691406,1791072460.971127
periodic,41000,0,656000,266883202,2467735019,23.173635482788086,1791073238.9583623
periodic,41500,0,664000,270126980,2467735019,24.452413082122803,1791074017.970257
periodic,42000,0,672000,273393890,2467735019,16.572386026382446,1791074787.9710546
periodic,42500,0,680000,276632762,2467735019,21.760045289993286,1791075568.1553674
periodic,43000,0,688000,279887544,2467735019,22.394309282302856,1791076345.4863358
periodic,43500,0,696000,283131282,2467735019,21.890750885009766,1791077121.5089107
periodic,44000,0,704000,286353109,2467735019,24.66474938392639,1791077900.264715
periodic,44500,0,712000,289613503,2467735019,24.350555419921875,1791078677.8241506
periodic,45000,0,720000,292871635,2467735019,22.6748526096344,1791079454.7421012
periodic,45500,0,728000,296092235,2467735019,19.318062782287598,1791080229.076263
periodic,46000,0,736000,299377603,2467735019,20.627551794052124,1791081003.2693105
periodic,46500,0,744000,302644551,2467735019,21.888141870498657,1791081779.829396
periodic,47000,0,752000,305868674,2467735019,21.5818829536438,1791082555.1123526
periodic,47500,0,760000,309165045,2467735019,26.254244565963745,1791083336.7165864
periodic,48000,0,768000,312407491,2467735019,23.89719533920288,1791084116.8488631
periodic,48500,0,776000,315647466,2467735019,18.996347188949585,1791084892.4854324
periodic,49000,0,784000,318872507,2467735019,19.514728784561157,1791085667.4357927
periodic,49500,0,792000,322132002,2467735019,18.235340356826782,1791086439.4417775
periodic,50000,0,800000,325390247,2467735019,24.03436779975891,1791087219.2750704
periodic,50500,0,808000,328624425,2467735019,23.688737154006958,1791087996.7066255
periodic,51000,0,816000,331897406,2467735019,21.176719427108765,1791088771.7433796
periodic,51500,0,824000,335137204,2467735019,17.68233823776245,1791089545.379747
periodic,52000,0,832000,338392985,2467735019,21.84847140312195,1791090322.5552523
periodic,52500,0,840000,341629817,2467735019,18.559310913085938,1791091095.656441
periodic,53000,0,848000,344886002,2467735019,17.735345125198364,1791091869.6812935
periodic,53500,0,856000,348114962,2467735019,29.234736680984497,1791092654.7487934
periodic,54000,0,864000,351384796,2467735019,28.93010377883911,1791093438.3605962
periodic,54500,0,872000,354660422,2467735019,21.038146018981934,1791094231.9472823
periodic,55000,0,880000,357905338,2467735019,24.335655450820923,1791095010.940272
periodic,55500,0,888000,361157125,2467735019,20.56432795524597,1791095833.786067
periodic,56000,0,896000,364416725,2467735019,23.429728984832764,1791096616.1396232
periodic,56500,0,904000,367646698,2467735019,23.13848876953125,1791097393.121121
periodic,57000,1,7344,370882025,2467735019,17.59828519821167,1791098169.969147
periodic,57500,1,15344,374143057,2467735019,25.075571060180664,1791098950.0625668
periodic,58000,1,23344,377390000,2467735019,21.09397554397583,1791099726.0011427
periodic,58500,1,31344,380622320,2467735019,22.860873222351074,1791100506.0077624
periodic,59000,1,39344,383896149,2467735019,30.979271173477173,1791101288.806375
periodic,59500,1,47344,387135993,2467735019,19.58854866027832,1791102080.4904788
periodic,60000,1,55344,390428568,2467735019,23.822012424468994,1791102869.8702521
periodic,60500,1,63344,393674472,2467735019,19.59546732902527,1791103644.882386
periodic,61000,1,71344,396942177,2467735019,22.471374034881592,1791104418.7633924
periodic,61500,1,79344,400195472,2467735019,22.007815837860107,1791105209.685712
periodic,62000,1,87344,403455027,2467735019,23.88107466697693,1791105988.7920225
periodic,62500,1,95344,406717702,2467735019,24.137431621551514,1791106770.270973
periodic,63000,1,103344,409961199,2467735019,17.364462852478027,1791107539.6228738
periodic,63500,1,111344,413230512,2467735019,19.55942153930664,1791108316.507159
periodic,64000,1,119344,416485786,2467735019,18.856321811676025,1791109091.239588
periodic,64500,1,127344,419727039,2467735019,22.50060224533081,1791109868.947215
periodic,65000,1,135344,422976522,2467735019,28.30695390701294,1791110651.3183024
periodic,65500,1,143344,426257768,2467735019,29.135640382766724,1791111437.6928296
periodic,66000,1,151344,429485316,2467735019,19.248314380645752,1791112215.5361085
periodic,66500,1,159344,432732741,2467735019,18.79152488708496,1791112989.550675
periodic,67000,1,167344,435971534,2467735019,21.79977512359619,1791113771.1493173
periodic,67500,1,175344,439203538,2467735019,24.29131245613098,1791114554.6895058
periodic,68000,1,183344,442432632,2467735019,26.500014781951904,1791115341.8390722
periodic,68500,1,191344,445670138,2467735019,23.852262258529663,1791116121.6482034
periodic,69000,1,199344,448913956,2467735019,19.186464548110962,1791116898.6687295
periodic,69500,1,207344,452148807,2467735019,18.883473873138428,1791117674.994348
periodic,70000,1,215344,455405759,2467735019,25.39720368385315,1791118459.7667887
periodic,70500,1,223344,458661419,2467735019,21.437464475631714,1791119238.1405869
periodic,71000,1,231344,461910473,2467735019,25.19280457496643,1791120019.1696823
periodic,71500,1,239344,465134067,2467735019,24.210113048553467,1791120795.5635579
periodic,72000,1,247344,468367259,2467735019,19.94681978225708,1791121571.3196454
periodic,72500,1,255344,471629302,2467735019,22.674583911895752,1791122348.420078
periodic,73000,1,263344,474884838,2467735019,21.647012948989868,1791123124.648899
periodic,73500,1,271344,478115306,2467735019,22.02284574508667,1791123904.6410403
periodic,74000,1,279344,481356774,2467735019,25.561925411224365,1791124687.5118306
periodic,74500,1,287344,484622266,2467735019,23.56751251220703,1791125466.696427
periodic,75000,1,295344,487862338,2467735019,25.81492781639099,1791126247.3577907
periodic,75500,1,303344,491131879,2467735019,19.75069284439087,1791127022.944858
periodic,76000,1,311344,494387699,2467735019,18.397528171539307,1791127793.7803884
periodic,76500,1,319344,497649796,2467735019,20.507362127304077,1791128570.8921318
periodic,77000,1,327344,500904629,2467735019,21.665310382843018,1791129348.2926054
periodic,77500,1,335344,504163077,2467735019,21.31521964073181,1791130125.849493
periodic,78000,1,343344,507410853,2467735019,23.80826711654663,1791130904.5289745
periodic,78500,1,351344,510691152,2467735019,36.30952858924866,1791132003.0886812
periodic,79000,1,359344,513964223,2467735019,64.36838507652283,1791133149.0437381
periodic,79500,1,367344,517211451,2467735019,22.230758905410767,1791175554.0429754
periodic,80000,1,375344,520459807,2467735019,21.14194345474243,1791176331.4097013
periodic,80500,1,383344,523716463,2467735019,20.03609800338745,1791177112.1948168
periodic,81000,1,391344,526983545,2467735019,20.23728322982788,1791177887.5557117
periodic,81500,1,399344,530244092,2467735019,22.69016456604004,1791178668.6415114
periodic,82000,1,407344,533500512,2467735019,24.222278594970703,1791179448.5437388
periodic,82500,1,415344,536765897,2467735019,25.744564533233643,1791180230.972867
periodic,83000,1,423344,540030468,2467735019,20.181946992874146,1791181008.6413295
periodic,83500,1,431344,543283328,2467735019,20.59247922897339,1791181785.5538654
periodic,84000,1,439344,546542340,2467735019,20.347724676132202,1791182562.8192306
periodic,84500,1,447344,549806238,2467735019,22.318443536758423,1791183338.5287828
periodic,85000,1,455344,553054275,2467735019,26.43639039993286,1791184121.7486389
periodic,85500,1,463344,556297394,2467735019,22.965577602386475,1791184901.768675
periodic,86000,1,471344,559535956,2467735019,17.442399501800537,1791185676.6791916
periodic,86500,1,479344,562781729,2467735019,22.461080074310303,1791186458.454048
periodic,87000,1,487344,566048963,2467735019,19.547136783599854,1791187234.0192406
periodic,87500,1,495344,569321459,2467735019,21.669570446014404,1791188013.1579397
periodic,88000,1,503344,572561540,2467735019,25.108026027679443,1791188796.4693732
periodic,88500,1,511344,575806937,2467735019,22.878573417663574,1791189572.4148908
periodic,89000,1,519344,579093920,2467735019,24.594021558761597,1791190352.9574537
periodic,89500,1,527344,582349797,2467735019,37.6328706741333,1791191142.6918435
periodic,90000,1,535344,585621806,2467735019,23.563801050186157,1791191935.0348141
periodic,90500,1,543344,588885746,2467735019,22.772981882095337,1791192715.709784
periodic,91000,1,551344,592129231,2467735019,24.90519905090332,1791193498.2250943
periodic,91500,1,559344,595359267,2467735019,21.539244651794434,1791194279.4484813
periodic,92000,1,567344,598605002,2467735019,16.29976201057434,1791195050.8196385
periodic,92500,1,575344,601889645,2467735019,18.41835045814514,1791195827.086199
periodic,93000,1,583344,605141647,2467735019,20.41500973701477,1791196605.012177
periodic,93500,1,591344,608381336,2467735019,24.06086540222168,1791197386.13696
periodic,94000,1,599344,611626948,2467735019,25.025294065475464,1791198168.4881766
periodic,94500,1,607344,614881807,2467735019,23.47583556175232,1791198957.4718156
periodic,95000,1,615344,618139391,2467735019,22.437294244766235,1791199734.3037953
periodic,95500,1,623344,621389956,2467735019,37.483314037323,1791200531.3254092
periodic,96000,1,631344,624648267,2467735019,22.26628589630127,1791201315.7597306
periodic,96500,1,639344,627895355,2467735019,22.45225429534912,1791202095.2831388
periodic,97000,1,647344,631134236,2467735019,23.85534167289734,1791202873.6916535
periodic,97500,1,655344,634377763,2467735019,20.602024793624878,1791203654.2647538
periodic,98000,1,663344,637608999,2467735019,18.244848489761353,1791204431.2418277
periodic,98500,1,671344,640874700,2467735019,20.288654804229736,1791205214.073208
periodic,99000,1,679344,644134282,2467735019,19.941124200820923,1791205993.053612
periodic,99500,1,687344,647388718,2467735019,23.68993353843689,1791206773.4203458
periodic,100000,1,695344,650656307,2467735019,26.08842635154724,1791207556.4735088
periodic,100500,1,703344,653905011,2467735019,20.283573389053345,1791208335.1038427
periodic,101000,1,711344,657159553,2467735019,20.330261945724487,1791209111.8386838
periodic,101500,1,719344,660433096,2467735019,19.368085145950317,1791209889.0994494
periodic,102000,1,727344,663683557,2467735019,21.84727644920349,1791210668.334968
periodic,102500,1,735344,666953692,2467735019,24.212001085281372,1791211451.344489
periodic,103000,1,743344,670203251,2467735019,22.558393478393555,1791212233.3305755
periodic,103500,1,751344,673479394,2467735019,21.28211808204651,1791213017.0209074
periodic,104000,1,759344,676726140,2467735019,19.94351863861084,1791213792.244091
periodic,104500,1,767344,679975692,2467735019,20.082908153533936,1791214568.6812222
periodic,105000,1,775344,683237870,2467735019,22.212986707687378,1791215344.7699845
periodic,105500,1,783344,686496665,2467735019,18.62450361251831,1791255049.4503949
periodic,106000,1,791344,689733889,2467735019,24.208024978637695,1791255836.9287884
periodic,106500,1,799344,692983652,2467735019,21.595028162002563,1791256621.350682
periodic,107000,1,807344,696201958,2467735019,32.35160255432129,1791257412.0893753
periodic,107500,1,815344,699453401,2467735019,21.636336088180542,1791258203.8779645
periodic,108000,1,823344,702711435,2467735019,24.920804738998413,1791258991.0808482
periodic,108500,1,831344,705958894,2467735019,26.35934567451477,1791259780.1531055
periodic,109000,1,839344,709236483,2467735019,20.482861757278442,1791260560.0621395
periodic,109500,1,847344,712482393,2467735019,22.398459672927856,1791261347.6183941
periodic,110000,1,855344,715741393,2467735019,26.29808211326599,1791262136.8424442
periodic,110500,1,863344,719013111,2467735019,22.906522512435913,1791262919.9309876
periodic,111000,1,871344,722299124,2467735019,26.54603672027588,1791263705.562349
periodic,111500,1,879344,725548405,2467735019,20.52055859565735,1791264489.4506292
periodic,112000,1,887344,728808990,2467735019,21.879580974578857,1791265273.7013302
periodic,112500,1,895344,732059471,2467735019,24.932771921157837,1791266067.4937732
periodic,113000,1,903344,735305525,2467735019,29.23279857635498,1791266888.9335945
final,113082,2,0,735833934,2467735019,21.870009899139404,1791267092.6635852
