path,symbol,line,kind
lab/train.py,stop_handler,17,FunctionDef
lab/train.py,atomic_json,21,FunctionDef
lab/train.py,lr_at,24,FunctionDef
lab/train.py,capture_rng,28,FunctionDef
lab/train.py,restore_rng,31,FunctionDef
lab/train.py,main,34,FunctionDef
lab/train.py,router_hook,114,FunctionDef
lab/train.py,export_weights,129,FunctionDef
lab/train.py,update_best,134,FunctionDef
lab/train.py,evaluate,142,FunctionDef
lab/train.py,save,174,FunctionDef
lab/train.py,hook,115,FunctionDef
lab/data.py,TokenCorpus,8,ClassDef
lab/data.py,EpochBatchSampler,43,ClassDef
lab/data.py,__init__,9,FunctionDef
lab/data.py,__len__,23,FunctionDef
lab/data.py,__getitem__,25,FunctionDef
lab/data.py,__init__,45,FunctionDef
lab/data.py,__iter__,48,FunctionDef
lab/data.py,__len__,54,FunctionDef
lab/checkpointing.py,checkpoint_blocks,10,FunctionDef
lab/checkpointing.py,make_forward,14,FunctionDef
lab/checkpointing.py,wrapped,16,FunctionDef
lab/transfer.py,transfer_ar_weights,5,FunctionDef
models/02_hybrid_moe/src/model_hybrid.py,MiniMindConfig,26,ClassDef
models/02_hybrid_moe/src/model_hybrid.py,RMSNorm,84,ClassDef
models/02_hybrid_moe/src/model_hybrid.py,RMSNormGated,96,ClassDef
models/02_hybrid_moe/src/model_hybrid.py,l2norm,108,FunctionDef
models/02_hybrid_moe/src/model_hybrid.py,torch_chunk_gated_delta_rule,111,FunctionDef
models/02_hybrid_moe/src/model_hybrid.py,GatedDeltaNet,152,ClassDef
models/02_hybrid_moe/src/model_hybrid.py,precompute_freqs_cis,260,FunctionDef
models/02_hybrid_moe/src/model_hybrid.py,apply_rotary_pos_emb,278,FunctionDef
models/02_hybrid_moe/src/model_hybrid.py,repeat_kv,284,FunctionDef
models/02_hybrid_moe/src/model_hybrid.py,Attention,291,ClassDef
models/02_hybrid_moe/src/model_hybrid.py,FeedForward,335,ClassDef
models/02_hybrid_moe/src/model_hybrid.py,MOEFeedForward,347,ClassDef
models/02_hybrid_moe/src/model_hybrid.py,MiniMindBlock,386,ClassDef
models/02_hybrid_moe/src/model_hybrid.py,MiniMindModel,415,ClassDef
models/02_hybrid_moe/src/model_hybrid.py,MiniMindForCausalLM,456,ClassDef
models/02_hybrid_moe/src/model_hybrid.py,__init__,28,FunctionDef
models/02_hybrid_moe/src/model_hybrid.py,__init__,85,FunctionDef
models/02_hybrid_moe/src/model_hybrid.py,norm,90,FunctionDef
models/02_hybrid_moe/src/model_hybrid.py,forward,93,FunctionDef
models/02_hybrid_moe/src/model_hybrid.py,__init__,97,FunctionDef
models/02_hybrid_moe/src/model_hybrid.py,forward,102,FunctionDef
models/02_hybrid_moe/src/model_hybrid.py,__init__,153,FunctionDef
models/02_hybrid_moe/src/model_hybrid.py,_projection,179,FunctionDef
models/02_hybrid_moe/src/model_hybrid.py,forward,186,FunctionDef
models/02_hybrid_moe/src/model_hybrid.py,_forward,191,FunctionDef
models/02_hybrid_moe/src/model_hybrid.py,rotate_half,279,FunctionDef
models/02_hybrid_moe/src/model_hybrid.py,__init__,292,FunctionDef
models/02_hybrid_moe/src/model_hybrid.py,forward,310,FunctionDef
models/02_hybrid_moe/src/model_hybrid.py,__init__,336,FunctionDef
models/02_hybrid_moe/src/model_hybrid.py,forward,344,FunctionDef
models/02_hybrid_moe/src/model_hybrid.py,__init__,348,FunctionDef
models/02_hybrid_moe/src/model_hybrid.py,forward,358,FunctionDef
models/02_hybrid_moe/src/model_hybrid.py,__init__,387,FunctionDef
models/02_hybrid_moe/src/model_hybrid.py,forward,398,FunctionDef
models/02_hybrid_moe/src/model_hybrid.py,__init__,416,FunctionDef
models/02_hybrid_moe/src/model_hybrid.py,forward,428,FunctionDef
models/02_hybrid_moe/src/model_hybrid.py,__init__,458,FunctionDef
models/02_hybrid_moe/src/model_hybrid.py,forward,465,FunctionDef
models/02_hybrid_moe/src/model_hybrid.py,generate,477,FunctionDef
tools/prepare_tokens.py,main,17,FunctionDef
tools/prepare_tokens.py,process,46,FunctionDef
tools/evaluate_text_probes.py,score,9,FunctionDef
tools/evaluate_text_probes.py,sha,18,FunctionDef
tools/evaluate_text_probes.py,main,24,FunctionDef
tools/study_minimind.py,emit,23,FunctionDef
tools/study_minimind.py,sha,27,FunctionDef
tools/study_minimind.py,metrics,35,FunctionDef
tools/study_minimind.py,read_summary,42,FunctionDef
tools/study_minimind.py,replay,55,FunctionDef
tools/study_minimind.py,sample,80,FunctionDef
tools/study_minimind.py,show_sample,92,FunctionDef
tools/study_minimind.py,load_cpu,105,FunctionDef
tools/study_minimind.py,destination,125,FunctionDef
tools/study_minimind.py,trace,137,FunctionDef
tools/study_minimind.py,infer,207,FunctionDef
tools/study_minimind.py,main,228,FunctionDef
tools/study_minimind.py,hook,149,FunctionDef
tools/study_minimind.py,record,150,FunctionDef
tools/build_learning_delivery.py,table,27,FunctionDef
tools/build_learning_delivery.py,save,33,FunctionDef
tools/build_learning_delivery.py,main,38,FunctionDef
tools/build_learning_delivery.py,box,67,FunctionDef
tools/build_learning_delivery.py,arrow,70,FunctionDef
