step,epoch,trained_tokens,validation_ce,validation_rows,validation_tokens,final,validation_selection_sha256
0,0,0,10.703402231602649,512,191220,False,e5f2872a99d8f485970b59088e9a333814ddcfba04a6538310dd6ce812b72fcb
500,0,3252946,6.103528520552487,512,191220,False,e5f2872a99d8f485970b59088e9a333814ddcfba04a6538310dd6ce812b72fcb
1000,0,6522597,5.578843794578713,512,191220,False,e5f2872a99d8f485970b59088e9a333814ddcfba04a6538310dd6ce812b72fcb
1500,0,9791305,5.221687126286844,512,191220,False,e5f2872a99d8f485970b59088e9a333814ddcfba04a6538310dd6ce812b72fcb
2000,0,13037859,4.88736110727304,512,191220,False,e5f2872a99d8f485970b59088e9a333814ddcfba04a6538310dd6ce812b72fcb
2500,0,16278283,4.565012277829673,512,191220,False,e5f2872a99d8f485970b59088e9a333814ddcfba04a6538310dd6ce812b72fcb
3000,0,19529308,4.269648202079545,512,191220,False,e5f2872a99d8f485970b59088e9a333814ddcfba04a6538310dd6ce812b72fcb
3500,0,22799514,4.001999766945577,512,191220,False,e5f2872a99d8f485970b59088e9a333814ddcfba04a6538310dd6ce812b72fcb
4000,0,26041819,3.7665673775062465,512,191220,False,e5f2872a99d8f485970b59088e9a333814ddcfba04a6538310dd6ce812b72fcb
4500,0,29294351,3.561154229657668,512,191220,False,e5f2872a99d8f485970b59088e9a333814ddcfba04a6538310dd6ce812b72fcb
5000,0,32539478,3.381272081007906,512,191220,False,e5f2872a99d8f485970b59088e9a333814ddcfba04a6538310dd6ce812b72fcb
5500,0,35786245,3.2359157361503974,512,191220,False,e5f2872a99d8f485970b59088e9a333814ddcfba04a6538310dd6ce812b72fcb
6000,0,39048101,3.11472408059077,512,191220,False,e5f2872a99d8f485970b59088e9a333814ddcfba04a6538310dd6ce812b72fcb
6500,0,42293902,3.0222796456034047,512,191220,False,e5f2872a99d8f485970b59088e9a333814ddcfba04a6538310dd6ce812b72fcb
7000,0,45562915,2.9280132647438935,512,191220,False,e5f2872a99d8f485970b59088e9a333814ddcfba04a6538310dd6ce812b72fcb
7500,0,48829415,2.847166908463104,512,191220,False,e5f2872a99d8f485970b59088e9a333814ddcfba04a6538310dd6ce812b72fcb
8000,0,52092533,2.7839903867639966,512,191220,False,e5f2872a99d8f485970b59088e9a333814ddcfba04a6538310dd6ce812b72fcb
8500,0,55364054,2.7212804091947995,512,191220,False,e5f2872a99d8f485970b59088e9a333814ddcfba04a6538310dd6ce812b72fcb
9000,0,58626845,2.6636952487198755,512,191220,False,e5f2872a99d8f485970b59088e9a333814ddcfba04a6538310dd6ce812b72fcb
9500,0,61871389,2.6181527335291412,512,191220,False,e5f2872a99d8f485970b59088e9a333814ddcfba04a6538310dd6ce812b72fcb
10000,0,65134602,2.577110878339735,512,191220,False,e5f2872a99d8f485970b59088e9a333814ddcfba04a6538310dd6ce812b72fcb
10500,0,68393167,2.533172285667761,512,191220,False,e5f2872a99d8f485970b59088e9a333814ddcfba04a6538310dd6ce812b72fcb
11000,0,71642348,2.5013850564426017,512,191220,False,e5f2872a99d8f485970b59088e9a333814ddcfba04a6538310dd6ce812b72fcb
11500,0,74922323,2.468850358799778,512,191220,False,e5f2872a99d8f485970b59088e9a333814ddcfba04a6538310dd6ce812b72fcb
12000,0,78165415,2.4323384483854786,512,191220,False,e5f2872a99d8f485970b59088e9a333814ddcfba04a6538310dd6ce812b72fcb
12500,0,81424980,2.405529199722808,512,191220,False,e5f2872a99d8f485970b59088e9a333814ddcfba04a6538310dd6ce812b72fcb
13000,0,84661163,2.376903364789522,512,191220,False,e5f2872a99d8f485970b59088e9a333814ddcfba04a6538310dd6ce812b72fcb
13500,0,87910132,2.3501950833060827,512,191220,False,e5f2872a99d8f485970b59088e9a333814ddcfba04a6538310dd6ce812b72fcb
14000,0,91173555,2.325806050469668,512,191220,False,e5f2872a99d8f485970b59088e9a333814ddcfba04a6538310dd6ce812b72fcb
14500,0,94458137,2.3042582455782097,512,191220,False,e5f2872a99d8f485970b59088e9a333814ddcfba04a6538310dd6ce812b72fcb
15000,0,97722037,2.2828911798342717,512,191220,False,e5f2872a99d8f485970b59088e9a333814ddcfba04a6538310dd6ce812b72fcb
15500,0,100987441,2.2612260221961202,512,191220,False,e5f2872a99d8f485970b59088e9a333814ddcfba04a6538310dd6ce812b72fcb
16000,0,104235466,2.239360423773705,512,191220,False,e5f2872a99d8f485970b59088e9a333814ddcfba04a6538310dd6ce812b72fcb
16500,0,107489519,2.221476189154559,512,191220,False,e5f2872a99d8f485970b59088e9a333814ddcfba04a6538310dd6ce812b72fcb
17000,0,110754719,2.203526600903889,512,191220,False,e5f2872a99d8f485970b59088e9a333814ddcfba04a6538310dd6ce812b72fcb
17500,0,114001341,2.1866300856153185,512,191220,False,e5f2872a99d8f485970b59088e9a333814ddcfba04a6538310dd6ce812b72fcb
18000,0,117263438,2.168665585068651,512,191220,False,e5f2872a99d8f485970b59088e9a333814ddcfba04a6538310dd6ce812b72fcb
18500,0,120522374,2.154885120579369,512,191220,False,e5f2872a99d8f485970b59088e9a333814ddcfba04a6538310dd6ce812b72fcb
19000,0,123783187,2.1428954645425575,512,191220,False,e5f2872a99d8f485970b59088e9a333814ddcfba04a6538310dd6ce812b72fcb
19500,0,127020945,2.1315147220839044,512,191220,False,e5f2872a99d8f485970b59088e9a333814ddcfba04a6538310dd6ce812b72fcb
20000,0,130285581,2.116105159625587,512,191220,False,e5f2872a99d8f485970b59088e9a333814ddcfba04a6538310dd6ce812b72fcb
20500,0,133538630,2.104456493627849,512,191220,False,e5f2872a99d8f485970b59088e9a333814ddcfba04a6538310dd6ce812b72fcb
21000,0,136817842,2.0955321010174504,512,191220,False,e5f2872a99d8f485970b59088e9a333814ddcfba04a6538310dd6ce812b72fcb
21500,0,140070042,2.082806763349374,512,191220,False,e5f2872a99d8f485970b59088e9a333814ddcfba04a6538310dd6ce812b72fcb
22000,0,143295034,2.070340375039458,512,191220,False,e5f2872a99d8f485970b59088e9a333814ddcfba04a6538310dd6ce812b72fcb
22500,0,146573728,2.061423677229729,512,191220,False,e5f2872a99d8f485970b59088e9a333814ddcfba04a6538310dd6ce812b72fcb
23000,0,149825129,2.0530215774504113,512,191220,False,e5f2872a99d8f485970b59088e9a333814ddcfba04a6538310dd6ce812b72fcb
23500,0,153052152,2.0428284796096454,512,191220,False,e5f2872a99d8f485970b59088e9a333814ddcfba04a6538310dd6ce812b72fcb
24000,0,156309234,2.0311410802189442,512,191220,False,e5f2872a99d8f485970b59088e9a333814ddcfba04a6538310dd6ce812b72fcb
24500,0,159573503,2.0257600245123166,512,191220,False,e5f2872a99d8f485970b59088e9a333814ddcfba04a6538310dd6ce812b72fcb
25000,0,162822768,2.0163877354470174,512,191220,False,e5f2872a99d8f485970b59088e9a333814ddcfba04a6538310dd6ce812b72fcb
25500,0,166062987,2.010266182076269,512,191220,False,e5f2872a99d8f485970b59088e9a333814ddcfba04a6538310dd6ce812b72fcb
26000,0,169319625,1.9997427134025847,512,191220,False,e5f2872a99d8f485970b59088e9a333814ddcfba04a6538310dd6ce812b72fcb
26500,0,172579235,1.9924872717402518,512,191220,False,e5f2872a99d8f485970b59088e9a333814ddcfba04a6538310dd6ce812b72fcb
27000,0,175816179,1.9852516702797207,512,191220,False,e5f2872a99d8f485970b59088e9a333814ddcfba04a6538310dd6ce812b72fcb
27500,0,179082811,1.9790138593497804,512,191220,False,e5f2872a99d8f485970b59088e9a333814ddcfba04a6538310dd6ce812b72fcb
28000,0,182341972,1.972124203241915,512,191220,False,e5f2872a99d8f485970b59088e9a333814ddcfba04a6538310dd6ce812b72fcb
28500,0,185595790,1.967147078119852,512,191220,False,e5f2872a99d8f485970b59088e9a333814ddcfba04a6538310dd6ce812b72fcb
29000,0,188874270,1.9582054555628068,512,191220,False,e5f2872a99d8f485970b59088e9a333814ddcfba04a6538310dd6ce812b72fcb
29500,0,192107159,1.9531427060999191,512,191220,False,e5f2872a99d8f485970b59088e9a333814ddcfba04a6538310dd6ce812b72fcb
30000,0,195368895,1.9458558380815751,512,191220,False,e5f2872a99d8f485970b59088e9a333814ddcfba04a6538310dd6ce812b72fcb
30500,0,198621939,1.9421179721774622,512,191220,False,e5f2872a99d8f485970b59088e9a333814ddcfba04a6538310dd6ce812b72fcb
31000,0,201853075,1.9362273820479436,512,191220,False,e5f2872a99d8f485970b59088e9a333814ddcfba04a6538310dd6ce812b72fcb
31500,0,205102159,1.9318850946986217,512,191220,False,e5f2872a99d8f485970b59088e9a333814ddcfba04a6538310dd6ce812b72fcb
32000,0,208366589,1.9254395646700337,512,191220,False,e5f2872a99d8f485970b59088e9a333814ddcfba04a6538310dd6ce812b72fcb
32500,0,211629413,1.9188387013674904,512,191220,False,e5f2872a99d8f485970b59088e9a333814ddcfba04a6538310dd6ce812b72fcb
33000,0,214870822,1.9124406604035706,512,191220,False,e5f2872a99d8f485970b59088e9a333814ddcfba04a6538310dd6ce812b72fcb
33500,0,218121521,1.909231717012228,512,191220,False,e5f2872a99d8f485970b59088e9a333814ddcfba04a6538310dd6ce812b72fcb
34000,0,221387308,1.902863793221743,512,191220,False,e5f2872a99d8f485970b59088e9a333814ddcfba04a6538310dd6ce812b72fcb
34500,0,224612641,1.9012484278916788,512,191220,False,e5f2872a99d8f485970b59088e9a333814ddcfba04a6538310dd6ce812b72fcb
35000,0,227880044,1.8949905772075009,512,191220,False,e5f2872a99d8f485970b59088e9a333814ddcfba04a6538310dd6ce812b72fcb
35500,0,231139004,1.8898235739580371,512,191220,False,e5f2872a99d8f485970b59088e9a333814ddcfba04a6538310dd6ce812b72fcb
36000,0,234388515,1.8874551863472602,512,191220,False,e5f2872a99d8f485970b59088e9a333814ddcfba04a6538310dd6ce812b72fcb
36500,0,237644083,1.8823956263113963,512,191220,False,e5f2872a99d8f485970b59088e9a333814ddcfba04a6538310dd6ce812b72fcb
37000,0,240872644,1.877914567842679,512,191220,False,e5f2872a99d8f485970b59088e9a333814ddcfba04a6538310dd6ce812b72fcb
37500,0,244112498,1.8749565139342745,512,191220,False,e5f2872a99d8f485970b59088e9a333814ddcfba04a6538310dd6ce812b72fcb
38000,0,247369907,1.8705281775586962,512,191220,False,e5f2872a99d8f485970b59088e9a333814ddcfba04a6538310dd6ce812b72fcb
38500,0,250633985,1.864513930217976,512,191220,False,e5f2872a99d8f485970b59088e9a333814ddcfba04a6538310dd6ce812b72fcb
39000,0,253877877,1.8625872060433677,512,191220,False,e5f2872a99d8f485970b59088e9a333814ddcfba04a6538310dd6ce812b72fcb
39500,0,257106920,1.858081642911968,512,191220,False,e5f2872a99d8f485970b59088e9a333814ddcfba04a6538310dd6ce812b72fcb
40000,0,260364852,1.8557240901856402,512,191220,False,e5f2872a99d8f485970b59088e9a333814ddcfba04a6538310dd6ce812b72fcb
40500,0,263628267,1.8514886339412002,512,191220,False,e5f2872a99d8f485970b59088e9a333814ddcfba04a6538310dd6ce812b72fcb
41000,0,266883202,1.845547324947677,512,191220,False,e5f2872a99d8f485970b59088e9a333814ddcfba04a6538310dd6ce812b72fcb
41500,0,270126980,1.8451592135973,512,191220,False,e5f2872a99d8f485970b59088e9a333814ddcfba04a6538310dd6ce812b72fcb
42000,0,273393890,1.8420440983702455,512,191220,False,e5f2872a99d8f485970b59088e9a333814ddcfba04a6538310dd6ce812b72fcb
42500,0,276632762,1.8373761905055082,512,191220,False,e5f2872a99d8f485970b59088e9a333814ddcfba04a6538310dd6ce812b72fcb
43000,0,279887544,1.8333551042169198,512,191220,False,e5f2872a99d8f485970b59088e9a333814ddcfba04a6538310dd6ce812b72fcb
43500,0,283131282,1.8327717781814992,512,191220,False,e5f2872a99d8f485970b59088e9a333814ddcfba04a6538310dd6ce812b72fcb
44000,0,286353109,1.828104107873782,512,191220,False,e5f2872a99d8f485970b59088e9a333814ddcfba04a6538310dd6ce812b72fcb
44500,0,289613503,1.8237799757644853,512,191220,False,e5f2872a99d8f485970b59088e9a333814ddcfba04a6538310dd6ce812b72fcb
45000,0,292871635,1.8209623453925312,512,191220,False,e5f2872a99d8f485970b59088e9a333814ddcfba04a6538310dd6ce812b72fcb
45500,0,296092235,1.8178744790376,512,191220,False,e5f2872a99d8f485970b59088e9a333814ddcfba04a6538310dd6ce812b72fcb
46000,0,299377603,1.8148515589353666,512,191220,False,e5f2872a99d8f485970b59088e9a333814ddcfba04a6538310dd6ce812b72fcb
46500,0,302644551,1.8116439760099108,512,191220,False,e5f2872a99d8f485970b59088e9a333814ddcfba04a6538310dd6ce812b72fcb
47000,0,305868674,1.8097817210426217,512,191220,False,e5f2872a99d8f485970b59088e9a333814ddcfba04a6538310dd6ce812b72fcb
47500,0,309165045,1.806277530699666,512,191220,False,e5f2872a99d8f485970b59088e9a333814ddcfba04a6538310dd6ce812b72fcb
48000,0,312407491,1.80376652211727,512,191220,False,e5f2872a99d8f485970b59088e9a333814ddcfba04a6538310dd6ce812b72fcb
48500,0,315647466,1.7997729901445296,512,191220,False,e5f2872a99d8f485970b59088e9a333814ddcfba04a6538310dd6ce812b72fcb
49000,0,318872507,1.7992728818848147,512,191220,False,e5f2872a99d8f485970b59088e9a333814ddcfba04a6538310dd6ce812b72fcb
49500,0,322132002,1.795007565068645,512,191220,False,e5f2872a99d8f485970b59088e9a333814ddcfba04a6538310dd6ce812b72fcb
50000,0,325390247,1.7938261165988956,512,191220,False,e5f2872a99d8f485970b59088e9a333814ddcfba04a6538310dd6ce812b72fcb
50500,0,328624425,1.7898409616372386,512,191220,False,e5f2872a99d8f485970b59088e9a333814ddcfba04a6538310dd6ce812b72fcb
51000,0,331897406,1.7874947280648636,512,191220,False,e5f2872a99d8f485970b59088e9a333814ddcfba04a6538310dd6ce812b72fcb
51500,0,335137204,1.7857139775467747,512,191220,False,e5f2872a99d8f485970b59088e9a333814ddcfba04a6538310dd6ce812b72fcb
52000,0,338392985,1.7837002249189706,512,191220,False,e5f2872a99d8f485970b59088e9a333814ddcfba04a6538310dd6ce812b72fcb
52500,0,341629817,1.7804013160510412,512,191220,False,e5f2872a99d8f485970b59088e9a333814ddcfba04a6538310dd6ce812b72fcb
53000,0,344886002,1.7787049910311743,512,191220,False,e5f2872a99d8f485970b59088e9a333814ddcfba04a6538310dd6ce812b72fcb
53500,0,348114962,1.7782615058823068,512,191220,False,e5f2872a99d8f485970b59088e9a333814ddcfba04a6538310dd6ce812b72fcb
54000,0,351384796,1.7759151158715851,512,191220,False,e5f2872a99d8f485970b59088e9a333814ddcfba04a6538310dd6ce812b72fcb
54500,0,354660422,1.774082047370622,512,191220,False,e5f2872a99d8f485970b59088e9a333814ddcfba04a6538310dd6ce812b72fcb
55000,0,357905338,1.7706982272886453,512,191220,False,e5f2872a99d8f485970b59088e9a333814ddcfba04a6538310dd6ce812b72fcb
55500,0,361157125,1.7692064947431625,512,191220,False,e5f2872a99d8f485970b59088e9a333814ddcfba04a6538310dd6ce812b72fcb
56000,0,364416725,1.765160596487899,512,191220,False,e5f2872a99d8f485970b59088e9a333814ddcfba04a6538310dd6ce812b72fcb
56500,0,367646698,1.764286744951167,512,191220,False,e5f2872a99d8f485970b59088e9a333814ddcfba04a6538310dd6ce812b72fcb
57000,1,370882025,1.7633875066865476,512,191220,False,e5f2872a99d8f485970b59088e9a333814ddcfba04a6538310dd6ce812b72fcb
57500,1,374143057,1.7615803669024157,512,191220,False,e5f2872a99d8f485970b59088e9a333814ddcfba04a6538310dd6ce812b72fcb
58000,1,377390000,1.7596402593417566,512,191220,False,e5f2872a99d8f485970b59088e9a333814ddcfba04a6538310dd6ce812b72fcb
58500,1,380622320,1.7573920052896395,512,191220,False,e5f2872a99d8f485970b59088e9a333814ddcfba04a6538310dd6ce812b72fcb
59000,1,383896149,1.7586290286264588,512,191220,False,e5f2872a99d8f485970b59088e9a333814ddcfba04a6538310dd6ce812b72fcb
59500,1,387135993,1.755857455626328,512,191220,False,e5f2872a99d8f485970b59088e9a333814ddcfba04a6538310dd6ce812b72fcb
60000,1,390428568,1.7539730795817998,512,191220,False,e5f2872a99d8f485970b59088e9a333814ddcfba04a6538310dd6ce812b72fcb
60500,1,393674472,1.7506012617438274,512,191220,False,e5f2872a99d8f485970b59088e9a333814ddcfba04a6538310dd6ce812b72fcb
61000,1,396942177,1.751212151638946,512,191220,False,e5f2872a99d8f485970b59088e9a333814ddcfba04a6538310dd6ce812b72fcb
61500,1,400195472,1.747534530096854,512,191220,False,e5f2872a99d8f485970b59088e9a333814ddcfba04a6538310dd6ce812b72fcb
62000,1,403455027,1.7455294259939094,512,191220,False,e5f2872a99d8f485970b59088e9a333814ddcfba04a6538310dd6ce812b72fcb
62500,1,406717702,1.7435851130927162,512,191220,False,e5f2872a99d8f485970b59088e9a333814ddcfba04a6538310dd6ce812b72fcb
63000,1,409961199,1.7436928343353955,512,191220,False,e5f2872a99d8f485970b59088e9a333814ddcfba04a6538310dd6ce812b72fcb
63500,1,413230512,1.7408504356644465,512,191220,False,e5f2872a99d8f485970b59088e9a333814ddcfba04a6538310dd6ce812b72fcb
64000,1,416485786,1.7391078087129226,512,191220,False,e5f2872a99d8f485970b59088e9a333814ddcfba04a6538310dd6ce812b72fcb
64500,1,419727039,1.7384579146678896,512,191220,False,e5f2872a99d8f485970b59088e9a333814ddcfba04a6538310dd6ce812b72fcb
65000,1,422976522,1.736881147286543,512,191220,False,e5f2872a99d8f485970b59088e9a333814ddcfba04a6538310dd6ce812b72fcb
65500,1,426257768,1.7354696649448254,512,191220,False,e5f2872a99d8f485970b59088e9a333814ddcfba04a6538310dd6ce812b72fcb
66000,1,429485316,1.7350471259111042,512,191220,False,e5f2872a99d8f485970b59088e9a333814ddcfba04a6538310dd6ce812b72fcb
66500,1,432732741,1.7335261306494876,512,191220,False,e5f2872a99d8f485970b59088e9a333814ddcfba04a6538310dd6ce812b72fcb
67000,1,435971534,1.7302527350419836,512,191220,False,e5f2872a99d8f485970b59088e9a333814ddcfba04a6538310dd6ce812b72fcb
67500,1,439203538,1.7291541875318908,512,191220,False,e5f2872a99d8f485970b59088e9a333814ddcfba04a6538310dd6ce812b72fcb
68000,1,442432632,1.7272993399812366,512,191220,False,e5f2872a99d8f485970b59088e9a333814ddcfba04a6538310dd6ce812b72fcb
68500,1,445670138,1.7268114441989193,512,191220,False,e5f2872a99d8f485970b59088e9a333814ddcfba04a6538310dd6ce812b72fcb
69000,1,448913956,1.7252226300505635,512,191220,False,e5f2872a99d8f485970b59088e9a333814ddcfba04a6538310dd6ce812b72fcb
69500,1,452148807,1.724041154977854,512,191220,False,e5f2872a99d8f485970b59088e9a333814ddcfba04a6538310dd6ce812b72fcb
70000,1,455405759,1.7223815984418485,512,191220,False,e5f2872a99d8f485970b59088e9a333814ddcfba04a6538310dd6ce812b72fcb
70500,1,458661419,1.721642164105639,512,191220,False,e5f2872a99d8f485970b59088e9a333814ddcfba04a6538310dd6ce812b72fcb
71000,1,461910473,1.7192531435843255,512,191220,False,e5f2872a99d8f485970b59088e9a333814ddcfba04a6538310dd6ce812b72fcb
71500,1,465134067,1.719838682374699,512,191220,False,e5f2872a99d8f485970b59088e9a333814ddcfba04a6538310dd6ce812b72fcb
72000,1,468367259,1.7178521072848323,512,191220,False,e5f2872a99d8f485970b59088e9a333814ddcfba04a6538310dd6ce812b72fcb
72500,1,471629302,1.7163555432826003,512,191220,False,e5f2872a99d8f485970b59088e9a333814ddcfba04a6538310dd6ce812b72fcb
73000,1,474884838,1.7147095706763096,512,191220,False,e5f2872a99d8f485970b59088e9a333814ddcfba04a6538310dd6ce812b72fcb
73500,1,478115306,1.7146772499276983,512,191220,False,e5f2872a99d8f485970b59088e9a333814ddcfba04a6538310dd6ce812b72fcb
74000,1,481356774,1.7114956556790644,512,191220,False,e5f2872a99d8f485970b59088e9a333814ddcfba04a6538310dd6ce812b72fcb
74500,1,484622266,1.7110950460519743,512,191220,False,e5f2872a99d8f485970b59088e9a333814ddcfba04a6538310dd6ce812b72fcb
75000,1,487862338,1.710773845122781,512,191220,False,e5f2872a99d8f485970b59088e9a333814ddcfba04a6538310dd6ce812b72fcb
75500,1,491131879,1.7089474929930113,512,191220,False,e5f2872a99d8f485970b59088e9a333814ddcfba04a6538310dd6ce812b72fcb
76000,1,494387699,1.709525895691631,512,191220,False,e5f2872a99d8f485970b59088e9a333814ddcfba04a6538310dd6ce812b72fcb
76500,1,497649796,1.7073893812676253,512,191220,False,e5f2872a99d8f485970b59088e9a333814ddcfba04a6538310dd6ce812b72fcb
77000,1,500904629,1.7058494602931915,512,191220,False,e5f2872a99d8f485970b59088e9a333814ddcfba04a6538310dd6ce812b72fcb
77500,1,504163077,1.7054291926477883,512,191220,False,e5f2872a99d8f485970b59088e9a333814ddcfba04a6538310dd6ce812b72fcb
78000,1,507410853,1.7041451543067716,512,191220,False,e5f2872a99d8f485970b59088e9a333814ddcfba04a6538310dd6ce812b72fcb
78500,1,510691152,1.702149934536642,512,191220,False,e5f2872a99d8f485970b59088e9a333814ddcfba04a6538310dd6ce812b72fcb
79000,1,513964223,1.7020357144289144,512,191220,False,e5f2872a99d8f485970b59088e9a333814ddcfba04a6538310dd6ce812b72fcb
79500,1,517211451,1.7013853697556853,512,191220,False,e5f2872a99d8f485970b59088e9a333814ddcfba04a6538310dd6ce812b72fcb
80000,1,520459807,1.6987237752350464,512,191220,False,e5f2872a99d8f485970b59088e9a333814ddcfba04a6538310dd6ce812b72fcb
80500,1,523716463,1.6988868215769581,512,191220,False,e5f2872a99d8f485970b59088e9a333814ddcfba04a6538310dd6ce812b72fcb
81000,1,526983545,1.6968234854404827,512,191220,False,e5f2872a99d8f485970b59088e9a333814ddcfba04a6538310dd6ce812b72fcb
81500,1,530244092,1.6971744188478384,512,191220,False,e5f2872a99d8f485970b59088e9a333814ddcfba04a6538310dd6ce812b72fcb
82000,1,533500512,1.6959746986954871,512,191220,False,e5f2872a99d8f485970b59088e9a333814ddcfba04a6538310dd6ce812b72fcb
82500,1,536765897,1.6948373872239324,512,191220,False,e5f2872a99d8f485970b59088e9a333814ddcfba04a6538310dd6ce812b72fcb
83000,1,540030468,1.6941372307277527,512,191220,False,e5f2872a99d8f485970b59088e9a333814ddcfba04a6538310dd6ce812b72fcb
83500,1,543283328,1.6936943705804353,512,191220,False,e5f2872a99d8f485970b59088e9a333814ddcfba04a6538310dd6ce812b72fcb
84000,1,546542340,1.6925305849886654,512,191220,False,e5f2872a99d8f485970b59088e9a333814ddcfba04a6538310dd6ce812b72fcb
84500,1,549806238,1.6925671282067432,512,191220,False,e5f2872a99d8f485970b59088e9a333814ddcfba04a6538310dd6ce812b72fcb
85000,1,553054275,1.6921476745029433,512,191220,False,e5f2872a99d8f485970b59088e9a333814ddcfba04a6538310dd6ce812b72fcb
85500,1,556297394,1.6909731641940124,512,191220,False,e5f2872a99d8f485970b59088e9a333814ddcfba04a6538310dd6ce812b72fcb
86000,1,559535956,1.6895544359068306,512,191220,False,e5f2872a99d8f485970b59088e9a333814ddcfba04a6538310dd6ce812b72fcb
86500,1,562781729,1.6888774111217042,512,191220,False,e5f2872a99d8f485970b59088e9a333814ddcfba04a6538310dd6ce812b72fcb
87000,1,566048963,1.6879527998767305,512,191220,False,e5f2872a99d8f485970b59088e9a333814ddcfba04a6538310dd6ce812b72fcb
87500,1,569321459,1.6877006599331061,512,191220,False,e5f2872a99d8f485970b59088e9a333814ddcfba04a6538310dd6ce812b72fcb
88000,1,572561540,1.6856326656247542,512,191220,False,e5f2872a99d8f485970b59088e9a333814ddcfba04a6538310dd6ce812b72fcb
88500,1,575806937,1.6858850816324558,512,191220,False,e5f2872a99d8f485970b59088e9a333814ddcfba04a6538310dd6ce812b72fcb
89000,1,579093920,1.685000094716213,512,191220,False,e5f2872a99d8f485970b59088e9a333814ddcfba04a6538310dd6ce812b72fcb
89500,1,582349797,1.6851357092319728,512,191220,False,e5f2872a99d8f485970b59088e9a333814ddcfba04a6538310dd6ce812b72fcb
90000,1,585621806,1.6840786886775037,512,191220,False,e5f2872a99d8f485970b59088e9a333814ddcfba04a6538310dd6ce812b72fcb
90500,1,588885746,1.6834985778161191,512,191220,False,e5f2872a99d8f485970b59088e9a333814ddcfba04a6538310dd6ce812b72fcb
91000,1,592129231,1.6828494017093754,512,191220,False,e5f2872a99d8f485970b59088e9a333814ddcfba04a6538310dd6ce812b72fcb
91500,1,595359267,1.6820019050137467,512,191220,False,e5f2872a99d8f485970b59088e9a333814ddcfba04a6538310dd6ce812b72fcb
92000,1,598605002,1.6820248456894509,512,191220,False,e5f2872a99d8f485970b59088e9a333814ddcfba04a6538310dd6ce812b72fcb
92500,1,601889645,1.6817510198579275,512,191220,False,e5f2872a99d8f485970b59088e9a333814ddcfba04a6538310dd6ce812b72fcb
93000,1,605141647,1.681425112137397,512,191220,False,e5f2872a99d8f485970b59088e9a333814ddcfba04a6538310dd6ce812b72fcb
93500,1,608381336,1.6799439270486893,512,191220,False,e5f2872a99d8f485970b59088e9a333814ddcfba04a6538310dd6ce812b72fcb
94000,1,611626948,1.679007201551481,512,191220,False,e5f2872a99d8f485970b59088e9a333814ddcfba04a6538310dd6ce812b72fcb
94500,1,614881807,1.6787269373915583,512,191220,False,e5f2872a99d8f485970b59088e9a333814ddcfba04a6538310dd6ce812b72fcb
95000,1,618139391,1.6789940496466547,512,191220,False,e5f2872a99d8f485970b59088e9a333814ddcfba04a6538310dd6ce812b72fcb
95500,1,621389956,1.6782572398598679,512,191220,False,e5f2872a99d8f485970b59088e9a333814ddcfba04a6538310dd6ce812b72fcb
96000,1,624648267,1.676787499536868,512,191220,False,e5f2872a99d8f485970b59088e9a333814ddcfba04a6538310dd6ce812b72fcb
96500,1,627895355,1.6767193434852123,512,191220,False,e5f2872a99d8f485970b59088e9a333814ddcfba04a6538310dd6ce812b72fcb
97000,1,631134236,1.6768668912835056,512,191220,False,e5f2872a99d8f485970b59088e9a333814ddcfba04a6538310dd6ce812b72fcb
97500,1,634377763,1.6765985606810423,512,191220,False,e5f2872a99d8f485970b59088e9a333814ddcfba04a6538310dd6ce812b72fcb
98000,1,637608999,1.6759967819309773,512,191220,False,e5f2872a99d8f485970b59088e9a333814ddcfba04a6538310dd6ce812b72fcb
98500,1,640874700,1.6756955368905846,512,191220,False,e5f2872a99d8f485970b59088e9a333814ddcfba04a6538310dd6ce812b72fcb
99000,1,644134282,1.675248398826706,512,191220,False,e5f2872a99d8f485970b59088e9a333814ddcfba04a6538310dd6ce812b72fcb
99500,1,647388718,1.6740101257903894,512,191220,False,e5f2872a99d8f485970b59088e9a333814ddcfba04a6538310dd6ce812b72fcb
100000,1,650656307,1.6736596644909707,512,191220,False,e5f2872a99d8f485970b59088e9a333814ddcfba04a6538310dd6ce812b72fcb
100500,1,653905011,1.6730203431067314,512,191220,False,e5f2872a99d8f485970b59088e9a333814ddcfba04a6538310dd6ce812b72fcb
101000,1,657159553,1.6730983271407802,512,191220,False,e5f2872a99d8f485970b59088e9a333814ddcfba04a6538310dd6ce812b72fcb
101500,1,660433096,1.6727387637445437,512,191220,False,e5f2872a99d8f485970b59088e9a333814ddcfba04a6538310dd6ce812b72fcb
102000,1,663683557,1.6723163582736036,512,191220,False,e5f2872a99d8f485970b59088e9a333814ddcfba04a6538310dd6ce812b72fcb
102500,1,666953692,1.6719420132483913,512,191220,False,e5f2872a99d8f485970b59088e9a333814ddcfba04a6538310dd6ce812b72fcb
103000,1,670203251,1.6717107926573593,512,191220,False,e5f2872a99d8f485970b59088e9a333814ddcfba04a6538310dd6ce812b72fcb
103500,1,673479394,1.6709814725922385,512,191220,False,e5f2872a99d8f485970b59088e9a333814ddcfba04a6538310dd6ce812b72fcb
104000,1,676726140,1.67099481029511,512,191220,False,e5f2872a99d8f485970b59088e9a333814ddcfba04a6538310dd6ce812b72fcb
104500,1,679975692,1.6695749756326337,512,191220,False,e5f2872a99d8f485970b59088e9a333814ddcfba04a6538310dd6ce812b72fcb
105000,1,683237870,1.6698105249085968,512,191220,False,e5f2872a99d8f485970b59088e9a333814ddcfba04a6538310dd6ce812b72fcb
105500,1,686496665,1.669367736695813,512,191220,False,e5f2872a99d8f485970b59088e9a333814ddcfba04a6538310dd6ce812b72fcb
106000,1,689733889,1.668757988018616,512,191220,False,e5f2872a99d8f485970b59088e9a333814ddcfba04a6538310dd6ce812b72fcb
106500,1,692983652,1.667505406954338,512,191220,False,e5f2872a99d8f485970b59088e9a333814ddcfba04a6538310dd6ce812b72fcb
107000,1,696201958,1.6678894988675832,512,191220,False,e5f2872a99d8f485970b59088e9a333814ddcfba04a6538310dd6ce812b72fcb
107500,1,699453401,1.6680094035858015,512,191220,False,e5f2872a99d8f485970b59088e9a333814ddcfba04a6538310dd6ce812b72fcb
108000,1,702711435,1.667907435856483,512,191220,False,e5f2872a99d8f485970b59088e9a333814ddcfba04a6538310dd6ce812b72fcb
108500,1,705958894,1.6669526011315914,512,191220,False,e5f2872a99d8f485970b59088e9a333814ddcfba04a6538310dd6ce812b72fcb
109000,1,709236483,1.6679109856712309,512,191220,False,e5f2872a99d8f485970b59088e9a333814ddcfba04a6538310dd6ce812b72fcb
109500,1,712482393,1.666720589455819,512,191220,False,e5f2872a99d8f485970b59088e9a333814ddcfba04a6538310dd6ce812b72fcb
110000,1,715741393,1.6665726091239308,512,191220,False,e5f2872a99d8f485970b59088e9a333814ddcfba04a6538310dd6ce812b72fcb
110500,1,719013111,1.6666372665013869,512,191220,False,e5f2872a99d8f485970b59088e9a333814ddcfba04a6538310dd6ce812b72fcb
111000,1,722299124,1.6666858687976602,512,191220,False,e5f2872a99d8f485970b59088e9a333814ddcfba04a6538310dd6ce812b72fcb
111500,1,725548405,1.6660767808193417,512,191220,False,e5f2872a99d8f485970b59088e9a333814ddcfba04a6538310dd6ce812b72fcb
112000,1,728808990,1.6659780557341886,512,191220,False,e5f2872a99d8f485970b59088e9a333814ddcfba04a6538310dd6ce812b72fcb
112500,1,732059471,1.6651719732341153,512,191220,False,e5f2872a99d8f485970b59088e9a333814ddcfba04a6538310dd6ce812b72fcb
113000,1,735305525,1.6646068726813066,512,191220,False,e5f2872a99d8f485970b59088e9a333814ddcfba04a6538310dd6ce812b72fcb
113082,2,735833934,1.664180908842374,512,191220,False,e5f2872a99d8f485970b59088e9a333814ddcfba04a6538310dd6ce812b72fcb
113082,2,735833934,1.6380910610617636,1066,397284,True,9e92d10ce1142f8fd69c815e1c1f6189baada55177e0a089a5c1203d305182cc
