timestamp, memory.used [MiB], utilization.gpu [%], temperature.gpu, power.draw [W]
2026/10/03 06:57:44.990, 3406 MiB, 2 %, 54, 19.37 W
2026/10/03 06:57:47.094, 4219 MiB, 3 %, 54, 14.37 W
2026/10/03 06:57:49.192, 4219 MiB, 3 %, 53, 13.33 W
2026/10/03 06:57:51.287, 4231 MiB, 20 %, 53, 5.63 W
2026/10/03 06:57:53.391, 7166 MiB, 11 %, 56, 20.34 W
2026/10/03 06:57:55.480, 7169 MiB, 10 %, 54, 8.97 W
2026/10/03 06:57:56.211, 7159 MiB, 12 %, 53, 8.75 W
2026/10/03 06:57:58.301, 7160 MiB, 29 %, 53, 5.42 W
2026/10/03 06:58:00.410, 7161 MiB, 26 %, 53, 5.71 W
2026/10/03 06:58:02.509, 7158 MiB, 81 %, 60, 39.92 W
2026/10/03 06:58:04.608, 7161 MiB, 3 %, 57, 20.41 W
2026/10/03 06:58:06.713, 7158 MiB, 10 %, 55, 8.85 W
2026/10/03 06:58:08.835, 7157 MiB, 18 %, 54, 8.79 W
2026/10/03 06:58:10.950, 7159 MiB, 51 %, 60, 39.82 W
2026/10/03 06:58:13.062, 7159 MiB, 51 %, 62, 47.74 W
2026/10/03 06:58:15.166, 7190 MiB, 44 %, 62, 46.60 W
2026/10/03 06:58:17.259, 7188 MiB, 51 %, 61, 46.61 W
2026/10/03 06:58:19.352, 7188 MiB, 53 %, 62, 48.44 W
2026/10/03 06:58:21.447, 7188 MiB, 56 %, 63, 50.25 W
2026/10/03 06:58:23.539, 7188 MiB, 58 %, 64, 49.63 W
2026/10/03 06:58:25.633, 7200 MiB, 58 %, 64, 49.35 W
2026/10/03 06:58:26.272, 7195 MiB, 52 %, 64, 49.96 W
2026/10/03 06:58:28.364, 7195 MiB, 55 %, 65, 49.67 W
2026/10/03 06:58:30.455, 7188 MiB, 46 %, 64, 49.41 W
2026/10/03 06:58:32.550, 7187 MiB, 50 %, 65, 49.11 W
2026/10/03 06:58:34.644, 7191 MiB, 54 %, 63, 49.52 W
2026/10/03 06:58:36.740, 7189 MiB, 56 %, 64, 49.37 W
2026/10/03 06:58:38.835, 7188 MiB, 57 %, 64, 49.58 W
2026/10/03 06:58:40.930, 7190 MiB, 56 %, 65, 49.05 W
2026/10/03 06:58:43.026, 7189 MiB, 50 %, 64, 47.31 W
2026/10/03 06:58:45.124, 7190 MiB, 51 %, 65, 49.76 W
2026/10/03 06:58:47.219, 7189 MiB, 47 %, 65, 49.81 W
2026/10/03 06:58:49.317, 7189 MiB, 54 %, 65, 49.57 W
2026/10/03 06:58:51.411, 7190 MiB, 50 %, 65, 49.44 W
2026/10/03 06:58:53.507, 7200 MiB, 59 %, 65, 50.11 W
2026/10/03 06:58:55.602, 7204 MiB, 53 %, 64, 49.23 W
2026/10/03 06:58:57.696, 7200 MiB, 55 %, 63, 49.15 W
2026/10/03 06:58:58.371, 7190 MiB, 46 %, 64, 48.80 W
2026/10/03 06:59:00.467, 7190 MiB, 47 %, 64, 48.21 W
2026/10/03 06:59:02.561, 7188 MiB, 54 %, 63, 49.22 W
2026/10/03 06:59:04.658, 7189 MiB, 54 %, 64, 49.69 W
2026/10/03 06:59:06.752, 7187 MiB, 54 %, 64, 47.31 W
2026/10/03 06:59:08.848, 7187 MiB, 55 %, 64, 49.74 W
2026/10/03 06:59:10.944, 7188 MiB, 57 %, 63, 48.63 W
2026/10/03 06:59:13.057, 7187 MiB, 61 %, 63, 49.66 W
2026/10/03 06:59:15.152, 7189 MiB, 57 %, 63, 49.38 W
2026/10/03 06:59:17.248, 7198 MiB, 57 %, 63, 49.66 W
2026/10/03 06:59:19.344, 7197 MiB, 50 %, 62, 48.45 W
2026/10/03 06:59:21.439, 7200 MiB, 54 %, 62, 49.21 W
2026/10/03 06:59:23.533, 7195 MiB, 53 %, 62, 48.01 W
2026/10/03 06:59:25.627, 7197 MiB, 54 %, 61, 48.62 W
2026/10/03 06:59:27.720, 7198 MiB, 53 %, 61, 48.51 W
2026/10/03 06:59:29.817, 7197 MiB, 52 %, 61, 48.58 W
2026/10/03 06:59:30.504, 7197 MiB, 56 %, 62, 49.07 W
2026/10/03 06:59:32.596, 7187 MiB, 57 %, 62, 48.86 W
2026/10/03 06:59:34.691, 7203 MiB, 47 %, 60, 47.83 W
2026/10/03 06:59:36.786, 7201 MiB, 44 %, 60, 48.39 W
2026/10/03 06:59:38.883, 7211 MiB, 55 %, 62, 49.26 W
2026/10/03 06:59:40.978, 7190 MiB, 54 %, 61, 49.25 W
2026/10/03 06:59:43.072, 7187 MiB, 52 %, 62, 48.23 W
2026/10/03 06:59:45.168, 7190 MiB, 58 %, 62, 48.78 W
2026/10/03 06:59:47.263, 7188 MiB, 55 %, 62, 48.95 W
2026/10/03 06:59:49.358, 7190 MiB, 52 %, 61, 48.10 W
2026/10/03 06:59:51.453, 7190 MiB, 49 %, 62, 48.68 W
2026/10/03 06:59:53.547, 7188 MiB, 49 %, 62, 49.21 W
2026/10/03 06:59:55.642, 7190 MiB, 57 %, 62, 47.16 W
2026/10/03 06:59:57.736, 7188 MiB, 54 %, 62, 48.89 W
2026/10/03 06:59:59.830, 7190 MiB, 62 %, 61, 48.96 W
2026/10/03 07:00:00.514, 7190 MiB, 61 %, 62, 48.99 W
2026/10/03 07:00:02.611, 7188 MiB, 48 %, 61, 47.81 W
2026/10/03 07:00:04.704, 7189 MiB, 4 %, 56, 23.19 W
2026/10/03 07:00:06.796, 7187 MiB, 10 %, 54, 8.91 W
2026/10/03 07:00:08.891, 7188 MiB, 17 %, 53, 8.78 W
2026/10/03 07:00:10.985, 7188 MiB, 31 %, 52, 4.99 W
2026/10/03 07:00:13.083, 7186 MiB, 25 %, 52, 5.51 W
2026/10/03 07:00:15.182, 7188 MiB, 17 %, 51, 5.62 W
2026/10/03 07:00:17.284, 7187 MiB, 21 %, 51, 5.54 W
2026/10/03 07:00:19.380, 7188 MiB, 24 %, 51, 5.78 W
2026/10/03 07:00:21.479, 7200 MiB, 42 %, 50, 3.92 W
2026/10/03 07:00:23.577, 7209 MiB, 49 %, 50, 3.67 W
2026/10/03 07:00:25.678, 7197 MiB, 38 %, 50, 3.63 W
2026/10/03 07:00:27.774, 7198 MiB, 22 %, 50, 5.41 W
2026/10/03 07:00:29.877, 7198 MiB, 30 %, 50, 5.43 W
2026/10/03 07:00:31.976, 7196 MiB, 28 %, 50, 5.49 W
2026/10/03 07:00:32.679, 7201 MiB, 69 %, 50, 6.45 W
2026/10/03 07:00:34.774, 7190 MiB, 5 %, 50, 11.96 W
2026/10/03 07:00:36.868, 7188 MiB, 27 %, 50, 5.45 W
