timestamp, index, name, memory.used [MiB], utilization.gpu [%], temperature.gpu, power.draw [W], power.limit [W]
2026/10/03 02:29:04.897, 0, NVIDIA GeForce RTX 4060 Laptop GPU, 2052 MiB, 23 %, 50, 5.36 W, [N/A]
2026/10/03 02:29:05.428, 0, NVIDIA GeForce RTX 4060 Laptop GPU, 2052 MiB, 23 %, 50, 5.41 W, [N/A]
2026/10/03 02:29:05.955, 0, NVIDIA GeForce RTX 4060 Laptop GPU, 2136 MiB, 4 %, 51, 8.17 W, [N/A]
2026/10/03 02:29:06.485, 0, NVIDIA GeForce RTX 4060 Laptop GPU, 2136 MiB, 4 %, 51, 11.74 W, [N/A]
2026/10/03 02:29:07.022, 0, NVIDIA GeForce RTX 4060 Laptop GPU, 2135 MiB, 4 %, 51, 13.25 W, [N/A]
2026/10/03 02:29:07.551, 0, NVIDIA GeForce RTX 4060 Laptop GPU, 2135 MiB, 4 %, 51, 13.27 W, [N/A]
2026/10/03 02:29:08.083, 0, NVIDIA GeForce RTX 4060 Laptop GPU, 2135 MiB, 4 %, 51, 13.21 W, [N/A]
2026/10/03 02:29:08.612, 0, NVIDIA GeForce RTX 4060 Laptop GPU, 2135 MiB, 4 %, 51, 13.22 W, [N/A]
2026/10/03 02:29:09.143, 0, NVIDIA GeForce RTX 4060 Laptop GPU, 2147 MiB, 4 %, 51, 13.27 W, [N/A]
2026/10/03 02:29:09.674, 0, NVIDIA GeForce RTX 4060 Laptop GPU, 2147 MiB, 4 %, 51, 13.30 W, [N/A]
2026/10/03 02:29:10.205, 0, NVIDIA GeForce RTX 4060 Laptop GPU, 2147 MiB, 3 %, 51, 13.30 W, [N/A]
2026/10/03 02:29:10.744, 0, NVIDIA GeForce RTX 4060 Laptop GPU, 2147 MiB, 4 %, 51, 13.28 W, [N/A]
2026/10/03 02:29:11.273, 0, NVIDIA GeForce RTX 4060 Laptop GPU, 2147 MiB, 3 %, 51, 13.27 W, [N/A]
2026/10/03 02:29:11.804, 0, NVIDIA GeForce RTX 4060 Laptop GPU, 2142 MiB, 5 %, 51, 13.27 W, [N/A]
2026/10/03 02:29:12.339, 0, NVIDIA GeForce RTX 4060 Laptop GPU, 2142 MiB, 29 %, 50, 10.89 W, [N/A]
2026/10/03 02:29:12.869, 0, NVIDIA GeForce RTX 4060 Laptop GPU, 2142 MiB, 24 %, 50, 6.97 W, [N/A]
2026/10/03 02:29:13.400, 0, NVIDIA GeForce RTX 4060 Laptop GPU, 2155 MiB, 28 %, 50, 5.72 W, [N/A]
2026/10/03 02:29:13.931, 0, NVIDIA GeForce RTX 4060 Laptop GPU, 2144 MiB, 25 %, 50, 5.48 W, [N/A]
2026/10/03 02:29:14.469, 0, NVIDIA GeForce RTX 4060 Laptop GPU, 2147 MiB, 28 %, 50, 5.45 W, [N/A]
2026/10/03 02:29:15.006, 0, NVIDIA GeForce RTX 4060 Laptop GPU, 2147 MiB, 43 %, 50, 5.12 W, [N/A]
2026/10/03 02:29:15.541, 0, NVIDIA GeForce RTX 4060 Laptop GPU, 2147 MiB, 28 %, 50, 5.12 W, [N/A]
2026/10/03 02:29:16.081, 0, NVIDIA GeForce RTX 4060 Laptop GPU, 2147 MiB, 23 %, 50, 5.37 W, [N/A]
2026/10/03 02:29:16.617, 0, NVIDIA GeForce RTX 4060 Laptop GPU, 2147 MiB, 24 %, 50, 5.32 W, [N/A]
2026/10/03 02:29:17.152, 0, NVIDIA GeForce RTX 4060 Laptop GPU, 2143 MiB, 42 %, 50, 4.68 W, [N/A]
2026/10/03 02:29:17.691, 0, NVIDIA GeForce RTX 4060 Laptop GPU, 2143 MiB, 24 %, 50, 4.75 W, [N/A]
2026/10/03 02:29:18.225, 0, NVIDIA GeForce RTX 4060 Laptop GPU, 2143 MiB, 27 %, 50, 5.20 W, [N/A]
2026/10/03 02:29:18.769, 0, NVIDIA GeForce RTX 4060 Laptop GPU, 2143 MiB, 25 %, 50, 5.40 W, [N/A]
2026/10/03 02:29:19.305, 0, NVIDIA GeForce RTX 4060 Laptop GPU, 2145 MiB, 42 %, 50, 5.01 W, [N/A]
2026/10/03 02:29:19.841, 0, NVIDIA GeForce RTX 4060 Laptop GPU, 2145 MiB, 31 %, 50, 4.69 W, [N/A]
2026/10/03 02:29:20.377, 0, NVIDIA GeForce RTX 4060 Laptop GPU, 2145 MiB, 26 %, 50, 4.87 W, [N/A]
2026/10/03 02:29:20.912, 0, NVIDIA GeForce RTX 4060 Laptop GPU, 2145 MiB, 23 %, 50, 5.35 W, [N/A]
2026/10/03 02:29:21.449, 0, NVIDIA GeForce RTX 4060 Laptop GPU, 2136 MiB, 23 %, 50, 5.37 W, [N/A]
2026/10/03 02:29:21.989, 0, NVIDIA GeForce RTX 4060 Laptop GPU, 2136 MiB, 53 %, 50, 4.73 W, [N/A]
2026/10/03 02:29:22.520, 0, NVIDIA GeForce RTX 4060 Laptop GPU, 2135 MiB, 24 %, 50, 4.72 W, [N/A]
2026/10/03 02:29:23.054, 0, NVIDIA GeForce RTX 4060 Laptop GPU, 2135 MiB, 24 %, 49, 5.32 W, [N/A]
2026/10/03 02:29:23.589, 0, NVIDIA GeForce RTX 4060 Laptop GPU, 2135 MiB, 28 %, 49, 5.38 W, [N/A]
2026/10/03 02:29:24.122, 0, NVIDIA GeForce RTX 4060 Laptop GPU, 2135 MiB, 47 %, 49, 5.14 W, [N/A]
2026/10/03 02:29:24.654, 0, NVIDIA GeForce RTX 4060 Laptop GPU, 2136 MiB, 26 %, 49, 5.07 W, [N/A]
2026/10/03 02:29:25.188, 0, NVIDIA GeForce RTX 4060 Laptop GPU, 2148 MiB, 32 %, 49, 5.42 W, [N/A]
2026/10/03 02:29:25.730, 0, NVIDIA GeForce RTX 4060 Laptop GPU, 2136 MiB, 27 %, 49, 5.42 W, [N/A]
2026/10/03 02:29:26.264, 0, NVIDIA GeForce RTX 4060 Laptop GPU, 2137 MiB, 27 %, 49, 4.99 W, [N/A]
2026/10/03 02:29:26.798, 0, NVIDIA GeForce RTX 4060 Laptop GPU, 2137 MiB, 25 %, 49, 5.00 W, [N/A]
2026/10/03 02:29:27.330, 0, NVIDIA GeForce RTX 4060 Laptop GPU, 2135 MiB, 25 %, 49, 5.29 W, [N/A]
2026/10/03 02:29:27.866, 0, NVIDIA GeForce RTX 4060 Laptop GPU, 2135 MiB, 27 %, 49, 5.31 W, [N/A]
2026/10/03 02:29:28.398, 0, NVIDIA GeForce RTX 4060 Laptop GPU, 2135 MiB, 57 %, 49, 4.62 W, [N/A]
2026/10/03 02:29:28.929, 0, NVIDIA GeForce RTX 4060 Laptop GPU, 2135 MiB, 25 %, 49, 4.72 W, [N/A]
2026/10/03 02:29:29.461, 0, NVIDIA GeForce RTX 4060 Laptop GPU, 2135 MiB, 23 %, 49, 5.22 W, [N/A]
2026/10/03 02:29:28.448, 0, NVIDIA GeForce RTX 4060 Laptop GPU, 2149 MiB, 26 %, 49, 5.41 W, [N/A]
2026/10/03 02:29:28.983, 0, NVIDIA GeForce RTX 4060 Laptop GPU, 2147 MiB, 48 %, 49, 5.10 W, [N/A]
2026/10/03 02:29:29.516, 0, NVIDIA GeForce RTX 4060 Laptop GPU, 2147 MiB, 21 %, 49, 5.05 W, [N/A]
2026/10/03 02:29:30.049, 0, NVIDIA GeForce RTX 4060 Laptop GPU, 2147 MiB, 25 %, 49, 5.34 W, [N/A]
2026/10/03 02:29:30.579, 0, NVIDIA GeForce RTX 4060 Laptop GPU, 2146 MiB, 24 %, 49, 5.29 W, [N/A]
2026/10/03 02:29:31.122, 0, NVIDIA GeForce RTX 4060 Laptop GPU, 2144 MiB, 43 %, 49, 4.98 W, [N/A]
2026/10/03 02:29:31.651, 0, NVIDIA GeForce RTX 4060 Laptop GPU, 2142 MiB, 24 %, 49, 4.97 W, [N/A]
2026/10/03 02:29:32.179, 0, NVIDIA GeForce RTX 4060 Laptop GPU, 2142 MiB, 25 %, 49, 5.37 W, [N/A]
2026/10/03 02:29:32.707, 0, NVIDIA GeForce RTX 4060 Laptop GPU, 2142 MiB, 24 %, 49, 5.37 W, [N/A]
2026/10/03 02:29:33.238, 0, NVIDIA GeForce RTX 4060 Laptop GPU, 2155 MiB, 56 %, 49, 4.97 W, [N/A]
2026/10/03 02:29:33.769, 0, NVIDIA GeForce RTX 4060 Laptop GPU, 2144 MiB, 25 %, 49, 4.99 W, [N/A]
2026/10/03 02:29:34.297, 0, NVIDIA GeForce RTX 4060 Laptop GPU, 2145 MiB, 29 %, 49, 5.31 W, [N/A]
2026/10/03 02:29:34.825, 0, NVIDIA GeForce RTX 4060 Laptop GPU, 2145 MiB, 25 %, 49, 5.27 W, [N/A]
2026/10/03 02:29:35.354, 0, NVIDIA GeForce RTX 4060 Laptop GPU, 2137 MiB, 39 %, 49, 4.78 W, [N/A]
2026/10/03 02:29:35.887, 0, NVIDIA GeForce RTX 4060 Laptop GPU, 2137 MiB, 24 %, 49, 4.64 W, [N/A]
2026/10/03 02:29:36.420, 0, NVIDIA GeForce RTX 4060 Laptop GPU, 2135 MiB, 29 %, 49, 5.18 W, [N/A]
2026/10/03 02:29:36.953, 0, NVIDIA GeForce RTX 4060 Laptop GPU, 2135 MiB, 22 %, 49, 5.34 W, [N/A]
2026/10/03 02:29:37.481, 0, NVIDIA GeForce RTX 4060 Laptop GPU, 2135 MiB, 47 %, 49, 4.99 W, [N/A]
2026/10/03 02:29:38.013, 0, NVIDIA GeForce RTX 4060 Laptop GPU, 2135 MiB, 23 %, 49, 4.97 W, [N/A]
2026/10/03 02:29:38.553, 0, NVIDIA GeForce RTX 4060 Laptop GPU, 2136 MiB, 20 %, 49, 5.22 W, [N/A]
2026/10/03 02:29:39.090, 0, NVIDIA GeForce RTX 4060 Laptop GPU, 2136 MiB, 24 %, 49, 5.34 W, [N/A]
2026/10/03 02:29:39.628, 0, NVIDIA GeForce RTX 4060 Laptop GPU, 2136 MiB, 47 %, 49, 5.03 W, [N/A]
2026/10/03 02:29:40.166, 0, NVIDIA GeForce RTX 4060 Laptop GPU, 2136 MiB, 30 %, 49, 4.69 W, [N/A]
2026/10/03 02:29:40.705, 0, NVIDIA GeForce RTX 4060 Laptop GPU, 2136 MiB, 26 %, 49, 4.85 W, [N/A]
2026/10/03 02:29:41.243, 0, NVIDIA GeForce RTX 4060 Laptop GPU, 2136 MiB, 20 %, 49, 5.34 W, [N/A]
2026/10/03 02:29:41.781, 0, NVIDIA GeForce RTX 4060 Laptop GPU, 2135 MiB, 22 %, 49, 5.30 W, [N/A]
2026/10/03 02:29:42.325, 0, NVIDIA GeForce RTX 4060 Laptop GPU, 2135 MiB, 40 %, 49, 4.44 W, [N/A]
2026/10/03 02:29:42.869, 0, NVIDIA GeForce RTX 4060 Laptop GPU, 2135 MiB, 26 %, 49, 4.25 W, [N/A]
2026/10/03 02:29:43.405, 0, NVIDIA GeForce RTX 4060 Laptop GPU, 2135 MiB, 20 %, 49, 5.11 W, [N/A]
2026/10/03 02:29:43.942, 0, NVIDIA GeForce RTX 4060 Laptop GPU, 2135 MiB, 25 %, 49, 5.32 W, [N/A]
2026/10/03 02:29:44.479, 0, NVIDIA GeForce RTX 4060 Laptop GPU, 2137 MiB, 43 %, 49, 5.01 W, [N/A]
2026/10/03 02:29:45.022, 0, NVIDIA GeForce RTX 4060 Laptop GPU, 2137 MiB, 26 %, 49, 4.69 W, [N/A]
2026/10/03 02:29:45.559, 0, NVIDIA GeForce RTX 4060 Laptop GPU, 2137 MiB, 25 %, 49, 4.84 W, [N/A]
2026/10/03 02:29:46.096, 0, NVIDIA GeForce RTX 4060 Laptop GPU, 2136 MiB, 25 %, 49, 5.28 W, [N/A]
2026/10/03 02:29:46.630, 0, NVIDIA GeForce RTX 4060 Laptop GPU, 2136 MiB, 27 %, 49, 5.31 W, [N/A]
2026/10/03 02:29:47.164, 0, NVIDIA GeForce RTX 4060 Laptop GPU, 2135 MiB, 27 %, 49, 5.05 W, [N/A]
2026/10/03 02:29:47.698, 0, NVIDIA GeForce RTX 4060 Laptop GPU, 2135 MiB, 23 %, 49, 4.97 W, [N/A]
2026/10/03 02:29:48.232, 0, NVIDIA GeForce RTX 4060 Laptop GPU, 2147 MiB, 27 %, 49, 5.27 W, [N/A]
2026/10/03 02:29:48.765, 0, NVIDIA GeForce RTX 4060 Laptop GPU, 2135 MiB, 20 %, 49, 5.33 W, [N/A]
2026/10/03 02:29:49.300, 0, NVIDIA GeForce RTX 4060 Laptop GPU, 2148 MiB, 50 %, 49, 4.63 W, [N/A]
2026/10/03 02:29:49.833, 0, NVIDIA GeForce RTX 4060 Laptop GPU, 2136 MiB, 22 %, 49, 4.73 W, [N/A]
2026/10/03 02:29:50.369, 0, NVIDIA GeForce RTX 4060 Laptop GPU, 2148 MiB, 25 %, 49, 5.32 W, [N/A]
2026/10/03 02:29:50.904, 0, NVIDIA GeForce RTX 4060 Laptop GPU, 2136 MiB, 22 %, 49, 5.25 W, [N/A]
2026/10/03 02:29:51.439, 0, NVIDIA GeForce RTX 4060 Laptop GPU, 2136 MiB, 48 %, 49, 4.96 W, [N/A]
2026/10/03 02:29:51.976, 0, NVIDIA GeForce RTX 4060 Laptop GPU, 2136 MiB, 27 %, 49, 4.98 W, [N/A]
2026/10/03 02:29:52.510, 0, NVIDIA GeForce RTX 4060 Laptop GPU, 2135 MiB, 26 %, 48, 5.29 W, [N/A]
2026/10/03 02:29:53.045, 0, NVIDIA GeForce RTX 4060 Laptop GPU, 2147 MiB, 26 %, 48, 5.31 W, [N/A]
2026/10/03 02:29:53.580, 0, NVIDIA GeForce RTX 4060 Laptop GPU, 2135 MiB, 46 %, 48, 4.66 W, [N/A]
2026/10/03 02:29:54.116, 0, NVIDIA GeForce RTX 4060 Laptop GPU, 2147 MiB, 25 %, 48, 4.66 W, [N/A]
2026/10/03 02:29:54.651, 0, NVIDIA GeForce RTX 4060 Laptop GPU, 2136 MiB, 26 %, 48, 5.17 W, [N/A]
2026/10/03 02:29:55.181, 0, NVIDIA GeForce RTX 4060 Laptop GPU, 2136 MiB, 27 %, 48, 5.34 W, [N/A]
2026/10/03 02:29:55.712, 0, NVIDIA GeForce RTX 4060 Laptop GPU, 2136 MiB, 44 %, 48, 4.96 W, [N/A]
2026/10/03 02:29:56.246, 0, NVIDIA GeForce RTX 4060 Laptop GPU, 2136 MiB, 30 %, 48, 4.61 W, [N/A]
2026/10/03 02:29:56.777, 0, NVIDIA GeForce RTX 4060 Laptop GPU, 2136 MiB, 29 %, 48, 4.98 W, [N/A]
2026/10/03 02:29:57.309, 0, NVIDIA GeForce RTX 4060 Laptop GPU, 2570 MiB, 50 %, 48, 5.54 W, [N/A]
2026/10/03 02:29:57.843, 0, NVIDIA GeForce RTX 4060 Laptop GPU, 3281 MiB, 30 %, 49, 7.07 W, [N/A]
2026/10/03 02:29:58.375, 0, NVIDIA GeForce RTX 4060 Laptop GPU, 3283 MiB, 5 %, 49, 9.99 W, [N/A]
2026/10/03 02:29:58.904, 0, NVIDIA GeForce RTX 4060 Laptop GPU, 3283 MiB, 5 %, 49, 12.01 W, [N/A]
2026/10/03 02:29:59.434, 0, NVIDIA GeForce RTX 4060 Laptop GPU, 3283 MiB, 5 %, 49, 11.99 W, [N/A]
2026/10/03 02:29:59.964, 0, NVIDIA GeForce RTX 4060 Laptop GPU, 3287 MiB, 12 %, 49, 10.42 W, [N/A]
2026/10/03 02:30:00.493, 0, NVIDIA GeForce RTX 4060 Laptop GPU, 3609 MiB, 46 %, 49, 9.01 W, [N/A]
2026/10/03 02:29:59.499, 0, NVIDIA GeForce RTX 4060 Laptop GPU, 6601 MiB, 45 %, 49, 9.78 W, [N/A]
2026/10/03 02:30:00.028, 0, NVIDIA GeForce RTX 4060 Laptop GPU, 6604 MiB, 53 %, 49, 17.53 W, [N/A]
2026/10/03 02:30:00.560, 0, NVIDIA GeForce RTX 4060 Laptop GPU, 6603 MiB, 17 %, 51, 21.14 W, [N/A]
2026/10/03 02:30:01.088, 0, NVIDIA GeForce RTX 4060 Laptop GPU, 6602 MiB, 18 %, 51, 20.66 W, [N/A]
2026/10/03 02:30:01.618, 0, NVIDIA GeForce RTX 4060 Laptop GPU, 6599 MiB, 18 %, 51, 19.37 W, [N/A]
2026/10/03 02:30:02.151, 0, NVIDIA GeForce RTX 4060 Laptop GPU, 6599 MiB, 16 %, 51, 18.75 W, [N/A]
2026/10/03 02:30:02.683, 0, NVIDIA GeForce RTX 4060 Laptop GPU, 6598 MiB, 7 %, 50, 15.04 W, [N/A]
2026/10/03 02:30:03.214, 0, NVIDIA GeForce RTX 4060 Laptop GPU, 6598 MiB, 8 %, 50, 11.14 W, [N/A]
2026/10/03 02:30:03.746, 0, NVIDIA GeForce RTX 4060 Laptop GPU, 6600 MiB, 9 %, 50, 9.62 W, [N/A]
2026/10/03 02:30:04.277, 0, NVIDIA GeForce RTX 4060 Laptop GPU, 6600 MiB, 10 %, 49, 8.42 W, [N/A]
2026/10/03 02:30:04.808, 0, NVIDIA GeForce RTX 4060 Laptop GPU, 6600 MiB, 12 %, 49, 8.35 W, [N/A]
2026/10/03 02:30:05.340, 0, NVIDIA GeForce RTX 4060 Laptop GPU, 6600 MiB, 13 %, 49, 8.29 W, [N/A]
2026/10/03 02:30:05.871, 0, NVIDIA GeForce RTX 4060 Laptop GPU, 6592 MiB, 15 %, 49, 8.29 W, [N/A]
2026/10/03 02:30:06.402, 0, NVIDIA GeForce RTX 4060 Laptop GPU, 6592 MiB, 29 %, 49, 7.09 W, [N/A]
2026/10/03 02:30:06.938, 0, NVIDIA GeForce RTX 4060 Laptop GPU, 6591 MiB, 27 %, 49, 5.80 W, [N/A]
2026/10/03 02:30:07.471, 0, NVIDIA GeForce RTX 4060 Laptop GPU, 6591 MiB, 30 %, 49, 5.53 W, [N/A]
2026/10/03 02:30:08.006, 0, NVIDIA GeForce RTX 4060 Laptop GPU, 6591 MiB, 29 %, 49, 5.49 W, [N/A]
2026/10/03 02:30:08.538, 0, NVIDIA GeForce RTX 4060 Laptop GPU, 6603 MiB, 34 %, 49, 5.34 W, [N/A]
2026/10/03 02:30:09.074, 0, NVIDIA GeForce RTX 4060 Laptop GPU, 6592 MiB, 28 %, 49, 5.14 W, [N/A]
2026/10/03 02:30:09.608, 0, NVIDIA GeForce RTX 4060 Laptop GPU, 6603 MiB, 30 %, 49, 5.29 W, [N/A]
2026/10/03 02:30:10.140, 0, NVIDIA GeForce RTX 4060 Laptop GPU, 6603 MiB, 26 %, 49, 5.39 W, [N/A]
2026/10/03 02:30:10.670, 0, NVIDIA GeForce RTX 4060 Laptop GPU, 6603 MiB, 27 %, 49, 5.21 W, [N/A]
2026/10/03 02:30:11.201, 0, NVIDIA GeForce RTX 4060 Laptop GPU, 6603 MiB, 28 %, 49, 5.04 W, [N/A]
2026/10/03 02:30:11.735, 0, NVIDIA GeForce RTX 4060 Laptop GPU, 6603 MiB, 28 %, 49, 5.24 W, [N/A]
2026/10/03 02:30:12.269, 0, NVIDIA GeForce RTX 4060 Laptop GPU, 6601 MiB, 25 %, 49, 5.43 W, [N/A]
2026/10/03 02:30:12.801, 0, NVIDIA GeForce RTX 4060 Laptop GPU, 6601 MiB, 26 %, 49, 5.45 W, [N/A]
2026/10/03 02:30:13.336, 0, NVIDIA GeForce RTX 4060 Laptop GPU, 6599 MiB, 27 %, 49, 5.30 W, [N/A]
2026/10/03 02:30:13.871, 0, NVIDIA GeForce RTX 4060 Laptop GPU, 6599 MiB, 27 %, 49, 5.11 W, [N/A]
2026/10/03 02:30:14.414, 0, NVIDIA GeForce RTX 4060 Laptop GPU, 6601 MiB, 23 %, 49, 5.06 W, [N/A]
2026/10/03 02:30:14.947, 0, NVIDIA GeForce RTX 4060 Laptop GPU, 6601 MiB, 24 %, 49, 5.36 W, [N/A]
2026/10/03 02:30:15.479, 0, NVIDIA GeForce RTX 4060 Laptop GPU, 6601 MiB, 25 %, 49, 5.39 W, [N/A]
2026/10/03 02:30:16.010, 0, NVIDIA GeForce RTX 4060 Laptop GPU, 6601 MiB, 57 %, 49, 5.08 W, [N/A]
2026/10/03 02:30:16.545, 0, NVIDIA GeForce RTX 4060 Laptop GPU, 6592 MiB, 25 %, 49, 5.13 W, [N/A]
2026/10/03 02:30:17.079, 0, NVIDIA GeForce RTX 4060 Laptop GPU, 6593 MiB, 28 %, 49, 5.36 W, [N/A]
2026/10/03 02:30:17.611, 0, NVIDIA GeForce RTX 4060 Laptop GPU, 6593 MiB, 24 %, 49, 5.45 W, [N/A]
2026/10/03 02:30:18.142, 0, NVIDIA GeForce RTX 4060 Laptop GPU, 6591 MiB, 32 %, 49, 5.41 W, [N/A]
2026/10/03 02:30:18.679, 0, NVIDIA GeForce RTX 4060 Laptop GPU, 6591 MiB, 28 %, 49, 5.45 W, [N/A]
2026/10/03 02:30:19.212, 0, NVIDIA GeForce RTX 4060 Laptop GPU, 6591 MiB, 28 %, 49, 5.46 W, [N/A]
2026/10/03 02:30:19.746, 0, NVIDIA GeForce RTX 4060 Laptop GPU, 6593 MiB, 29 %, 49, 5.07 W, [N/A]
2026/10/03 02:30:20.284, 0, NVIDIA GeForce RTX 4060 Laptop GPU, 6593 MiB, 29 %, 49, 5.25 W, [N/A]
2026/10/03 02:30:20.817, 0, NVIDIA GeForce RTX 4060 Laptop GPU, 6593 MiB, 27 %, 49, 5.42 W, [N/A]
2026/10/03 02:30:21.350, 0, NVIDIA GeForce RTX 4060 Laptop GPU, 6593 MiB, 26 %, 49, 5.38 W, [N/A]
2026/10/03 02:30:21.883, 0, NVIDIA GeForce RTX 4060 Laptop GPU, 6593 MiB, 62 %, 49, 9.48 W, [N/A]
2026/10/03 02:30:22.414, 0, NVIDIA GeForce RTX 4060 Laptop GPU, 6593 MiB, 17 %, 51, 15.16 W, [N/A]
2026/10/03 02:30:22.945, 0, NVIDIA GeForce RTX 4060 Laptop GPU, 6591 MiB, 18 %, 51, 19.14 W, [N/A]
2026/10/03 02:30:23.474, 0, NVIDIA GeForce RTX 4060 Laptop GPU, 6591 MiB, 18 %, 51, 17.09 W, [N/A]
2026/10/03 02:30:24.004, 0, NVIDIA GeForce RTX 4060 Laptop GPU, 2467 MiB, 9 %, 51, 16.08 W, [N/A]
2026/10/03 02:30:24.534, 0, NVIDIA GeForce RTX 4060 Laptop GPU, 2294 MiB, 6 %, 50, 13.09 W, [N/A]
2026/10/03 02:30:25.065, 0, NVIDIA GeForce RTX 4060 Laptop GPU, 2294 MiB, 7 %, 50, 9.88 W, [N/A]
2026/10/03 02:30:25.595, 0, NVIDIA GeForce RTX 4060 Laptop GPU, 2294 MiB, 8 %, 49, 8.76 W, [N/A]
2026/10/03 02:30:26.127, 0, NVIDIA GeForce RTX 4060 Laptop GPU, 2294 MiB, 9 %, 49, 8.27 W, [N/A]
2026/10/03 02:30:26.657, 0, NVIDIA GeForce RTX 4060 Laptop GPU, 2294 MiB, 9 %, 49, 8.17 W, [N/A]
2026/10/03 02:30:27.187, 0, NVIDIA GeForce RTX 4060 Laptop GPU, 2295 MiB, 25 %, 49, 7.22 W, [N/A]
2026/10/03 02:30:27.718, 0, NVIDIA GeForce RTX 4060 Laptop GPU, 2295 MiB, 26 %, 49, 5.99 W, [N/A]
2026/10/03 02:30:28.251, 0, NVIDIA GeForce RTX 4060 Laptop GPU, 2293 MiB, 26 %, 49, 5.48 W, [N/A]
2026/10/03 02:30:28.782, 0, NVIDIA GeForce RTX 4060 Laptop GPU, 2291 MiB, 32 %, 49, 5.47 W, [N/A]
2026/10/03 02:30:29.325, 0, NVIDIA GeForce RTX 4060 Laptop GPU, 2292 MiB, 22 %, 49, 5.31 W, [N/A]
2026/10/03 02:30:29.857, 0, NVIDIA GeForce RTX 4060 Laptop GPU, 2306 MiB, 24 %, 49, 4.71 W, [N/A]
2026/10/03 02:30:30.388, 0, NVIDIA GeForce RTX 4060 Laptop GPU, 2294 MiB, 26 %, 49, 4.70 W, [N/A]
2026/10/03 02:30:30.919, 0, NVIDIA GeForce RTX 4060 Laptop GPU, 2294 MiB, 24 %, 49, 5.29 W, [N/A]
2026/10/03 02:30:31.450, 0, NVIDIA GeForce RTX 4060 Laptop GPU, 2294 MiB, 25 %, 49, 5.26 W, [N/A]
2026/10/03 02:30:30.208, 0, NVIDIA GeForce RTX 4060 Laptop GPU, 2292 MiB, 33 %, 49, 5.02 W, [N/A]
2026/10/03 02:30:30.739, 0, NVIDIA GeForce RTX 4060 Laptop GPU, 2293 MiB, 25 %, 49, 5.13 W, [N/A]
2026/10/03 02:30:31.271, 0, NVIDIA GeForce RTX 4060 Laptop GPU, 2293 MiB, 26 %, 49, 5.37 W, [N/A]
2026/10/03 02:30:31.802, 0, NVIDIA GeForce RTX 4060 Laptop GPU, 2294 MiB, 26 %, 49, 5.30 W, [N/A]
2026/10/03 02:30:32.336, 0, NVIDIA GeForce RTX 4060 Laptop GPU, 2294 MiB, 50 %, 49, 4.71 W, [N/A]
2026/10/03 02:30:32.867, 0, NVIDIA GeForce RTX 4060 Laptop GPU, 2294 MiB, 24 %, 49, 4.73 W, [N/A]
2026/10/03 02:30:33.398, 0, NVIDIA GeForce RTX 4060 Laptop GPU, 2296 MiB, 27 %, 49, 5.19 W, [N/A]
2026/10/03 02:30:33.934, 0, NVIDIA GeForce RTX 4060 Laptop GPU, 2296 MiB, 26 %, 49, 5.31 W, [N/A]
2026/10/03 02:30:34.467, 0, NVIDIA GeForce RTX 4060 Laptop GPU, 2296 MiB, 41 %, 49, 4.85 W, [N/A]
2026/10/03 02:30:34.999, 0, NVIDIA GeForce RTX 4060 Laptop GPU, 2296 MiB, 23 %, 49, 4.61 W, [N/A]
2026/10/03 02:30:35.533, 0, NVIDIA GeForce RTX 4060 Laptop GPU, 2295 MiB, 23 %, 49, 5.10 W, [N/A]
2026/10/03 02:30:36.066, 0, NVIDIA GeForce RTX 4060 Laptop GPU, 2294 MiB, 22 %, 49, 5.26 W, [N/A]
2026/10/03 02:30:36.597, 0, NVIDIA GeForce RTX 4060 Laptop GPU, 2294 MiB, 22 %, 49, 5.13 W, [N/A]
2026/10/03 02:30:37.130, 0, NVIDIA GeForce RTX 4060 Laptop GPU, 2307 MiB, 23 %, 49, 4.96 W, [N/A]
2026/10/03 02:30:37.662, 0, NVIDIA GeForce RTX 4060 Laptop GPU, 2291 MiB, 26 %, 49, 4.98 W, [N/A]
2026/10/03 02:30:38.195, 0, NVIDIA GeForce RTX 4060 Laptop GPU, 2292 MiB, 23 %, 49, 5.35 W, [N/A]
2026/10/03 02:30:38.726, 0, NVIDIA GeForce RTX 4060 Laptop GPU, 2294 MiB, 21 %, 49, 5.18 W, [N/A]
2026/10/03 02:30:39.258, 0, NVIDIA GeForce RTX 4060 Laptop GPU, 2305 MiB, 36 %, 49, 4.66 W, [N/A]
2026/10/03 02:30:39.791, 0, NVIDIA GeForce RTX 4060 Laptop GPU, 2304 MiB, 24 %, 49, 4.71 W, [N/A]
2026/10/03 02:30:40.323, 0, NVIDIA GeForce RTX 4060 Laptop GPU, 2304 MiB, 27 %, 49, 5.36 W, [N/A]
2026/10/03 02:30:40.855, 0, NVIDIA GeForce RTX 4060 Laptop GPU, 2303 MiB, 22 %, 49, 5.36 W, [N/A]
2026/10/03 02:30:41.385, 0, NVIDIA GeForce RTX 4060 Laptop GPU, 2303 MiB, 27 %, 49, 5.07 W, [N/A]
2026/10/03 02:30:41.919, 0, NVIDIA GeForce RTX 4060 Laptop GPU, 2301 MiB, 25 %, 49, 4.97 W, [N/A]
2026/10/03 02:30:42.462, 0, NVIDIA GeForce RTX 4060 Laptop GPU, 2301 MiB, 28 %, 49, 5.29 W, [N/A]
2026/10/03 02:30:42.993, 0, NVIDIA GeForce RTX 4060 Laptop GPU, 2301 MiB, 27 %, 49, 5.31 W, [N/A]
2026/10/03 02:30:43.529, 0, NVIDIA GeForce RTX 4060 Laptop GPU, 2300 MiB, 53 %, 49, 4.60 W, [N/A]
2026/10/03 02:30:44.061, 0, NVIDIA GeForce RTX 4060 Laptop GPU, 2302 MiB, 25 %, 49, 4.58 W, [N/A]
2026/10/03 02:30:44.592, 0, NVIDIA GeForce RTX 4060 Laptop GPU, 2302 MiB, 23 %, 49, 5.32 W, [N/A]
2026/10/03 02:30:45.124, 0, NVIDIA GeForce RTX 4060 Laptop GPU, 2302 MiB, 22 %, 49, 5.32 W, [N/A]
2026/10/03 02:30:45.655, 0, NVIDIA GeForce RTX 4060 Laptop GPU, 2302 MiB, 44 %, 49, 4.99 W, [N/A]
2026/10/03 02:30:46.186, 0, NVIDIA GeForce RTX 4060 Laptop GPU, 2292 MiB, 24 %, 49, 4.93 W, [N/A]
2026/10/03 02:30:46.720, 0, NVIDIA GeForce RTX 4060 Laptop GPU, 2305 MiB, 27 %, 49, 5.35 W, [N/A]
2026/10/03 02:30:47.254, 0, NVIDIA GeForce RTX 4060 Laptop GPU, 2292 MiB, 26 %, 49, 5.44 W, [N/A]
2026/10/03 02:30:47.785, 0, NVIDIA GeForce RTX 4060 Laptop GPU, 2294 MiB, 53 %, 49, 5.14 W, [N/A]
2026/10/03 02:30:48.316, 0, NVIDIA GeForce RTX 4060 Laptop GPU, 2291 MiB, 24 %, 49, 5.11 W, [N/A]
2026/10/03 02:30:48.847, 0, NVIDIA GeForce RTX 4060 Laptop GPU, 2292 MiB, 22 %, 49, 5.36 W, [N/A]
2026/10/03 02:30:49.384, 0, NVIDIA GeForce RTX 4060 Laptop GPU, 2294 MiB, 26 %, 49, 5.36 W, [N/A]
2026/10/03 02:30:49.916, 0, NVIDIA GeForce RTX 4060 Laptop GPU, 2294 MiB, 17 %, 49, 4.98 W, [N/A]
2026/10/03 02:30:50.447, 0, NVIDIA GeForce RTX 4060 Laptop GPU, 2294 MiB, 17 %, 49, 4.81 W, [N/A]
2026/10/03 02:30:50.978, 0, NVIDIA GeForce RTX 4060 Laptop GPU, 2294 MiB, 22 %, 49, 5.12 W, [N/A]
2026/10/03 02:30:51.509, 0, NVIDIA GeForce RTX 4060 Laptop GPU, 2292 MiB, 22 %, 49, 5.42 W, [N/A]
2026/10/03 02:30:52.046, 0, NVIDIA GeForce RTX 4060 Laptop GPU, 2292 MiB, 47 %, 49, 4.73 W, [N/A]
2026/10/03 02:30:52.577, 0, NVIDIA GeForce RTX 4060 Laptop GPU, 2312 MiB, 13 %, 49, 4.96 W, [N/A]
2026/10/03 02:30:53.423, 0, NVIDIA GeForce RTX 4060 Laptop GPU, 2946 MiB, 67 %, 49, 5.70 W, [N/A]
2026/10/03 02:30:53.956, 0, NVIDIA GeForce RTX 4060 Laptop GPU, 4215 MiB, 49 %, 49, 8.72 W, [N/A]
2026/10/03 02:30:54.487, 0, NVIDIA GeForce RTX 4060 Laptop GPU, 5437 MiB, 27 %, 51, 13.98 W, [N/A]
2026/10/03 02:30:55.016, 0, NVIDIA GeForce RTX 4060 Laptop GPU, 5438 MiB, 17 %, 51, 17.66 W, [N/A]
2026/10/03 02:30:55.546, 0, NVIDIA GeForce RTX 4060 Laptop GPU, 5438 MiB, 18 %, 51, 19.04 W, [N/A]
2026/10/03 02:30:56.077, 0, NVIDIA GeForce RTX 4060 Laptop GPU, 5438 MiB, 18 %, 52, 20.03 W, [N/A]
2026/10/03 02:30:56.606, 0, NVIDIA GeForce RTX 4060 Laptop GPU, 5612 MiB, 20 %, 51, 16.73 W, [N/A]
2026/10/03 02:30:57.136, 0, NVIDIA GeForce RTX 4060 Laptop GPU, 6591 MiB, 18 %, 51, 15.13 W, [N/A]
2026/10/03 02:30:57.666, 0, NVIDIA GeForce RTX 4060 Laptop GPU, 6591 MiB, 18 %, 51, 15.50 W, [N/A]
2026/10/03 02:30:58.195, 0, NVIDIA GeForce RTX 4060 Laptop GPU, 6590 MiB, 18 %, 51, 15.61 W, [N/A]
2026/10/03 02:30:58.727, 0, NVIDIA GeForce RTX 4060 Laptop GPU, 6589 MiB, 18 %, 51, 16.10 W, [N/A]
