timestamp, index, memory.used [MiB], utilization.gpu [%], temperature.gpu, power.draw [W], power.limit [W]
2026/10/03 08:21:33.916, 0, 2695 MiB, 21 %, 50, 8.77 W, [N/A]
2026/10/03 08:21:36.014, 0, 3355 MiB, 84 %, 50, 65.97 W, [N/A]
2026/10/03 08:21:38.110, 0, 3356 MiB, 4 %, 53, 13.16 W, [N/A]
2026/10/03 08:21:40.211, 0, 3357 MiB, 8 %, 51, 8.18 W, [N/A]
2026/10/03 08:21:42.306, 0, 4721 MiB, 87 %, 64, 78.55 W, [N/A]
2026/10/03 08:21:44.403, 0, 5599 MiB, 40 %, 64, 27.54 W, [N/A]
2026/10/03 08:21:46.516, 0, 6283 MiB, 91 %, 64, 80.62 W, [N/A]
2026/10/03 08:21:48.631, 0, 6282 MiB, 89 %, 64, 76.50 W, [N/A]
2026/10/03 08:21:49.327, 0, 6283 MiB, 89 %, 67, 80.56 W, [N/A]
2026/10/03 08:21:51.419, 0, 6282 MiB, 86 %, 67, 79.38 W, [N/A]
2026/10/03 08:21:53.514, 0, 6282 MiB, 68 %, 66, 70.56 W, [N/A]
2026/10/03 08:21:55.607, 0, 6285 MiB, 87 %, 68, 80.54 W, [N/A]
2026/10/03 08:21:57.701, 0, 6283 MiB, 90 %, 68, 80.82 W, [N/A]
2026/10/03 08:21:59.794, 0, 6305 MiB, 92 %, 71, 82.13 W, [N/A]
2026/10/03 08:22:01.890, 0, 6306 MiB, 92 %, 70, 80.76 W, [N/A]
2026/10/03 08:22:03.986, 0, 6308 MiB, 88 %, 69, 79.22 W, [N/A]
2026/10/03 08:22:06.080, 0, 6308 MiB, 89 %, 68, 80.81 W, [N/A]
2026/10/03 08:22:08.175, 0, 6305 MiB, 85 %, 72, 80.33 W, [N/A]
2026/10/03 08:22:10.268, 0, 6309 MiB, 88 %, 71, 80.96 W, [N/A]
2026/10/03 08:22:12.361, 0, 6310 MiB, 88 %, 70, 81.85 W, [N/A]
2026/10/03 08:22:14.463, 0, 6306 MiB, 88 %, 69, 79.75 W, [N/A]
2026/10/03 08:22:16.558, 0, 6306 MiB, 90 %, 69, 82.84 W, [N/A]
2026/10/03 08:22:18.657, 0, 6304 MiB, 91 %, 70, 80.53 W, [N/A]
2026/10/03 08:22:20.751, 0, 6305 MiB, 91 %, 65, 78.33 W, [N/A]
2026/10/03 08:22:21.452, 0, 6306 MiB, 15 %, 60, 26.94 W, [N/A]
2026/10/03 08:22:23.550, 0, 6305 MiB, 8 %, 57, 12.53 W, [N/A]
2026/10/03 08:22:25.643, 0, 6305 MiB, 82 %, 66, 72.18 W, [N/A]
2026/10/03 08:22:27.735, 0, 6304 MiB, 4 %, 58, 27.48 W, [N/A]
2026/10/03 08:22:29.832, 0, 6306 MiB, 9 %, 55, 9.47 W, [N/A]
2026/10/03 08:22:31.929, 0, 6318 MiB, 14 %, 55, 9.07 W, [N/A]
2026/10/03 08:22:34.026, 0, 6315 MiB, 36 %, 54, 6.14 W, [N/A]
2026/10/03 08:22:36.124, 0, 6317 MiB, 34 %, 54, 4.98 W, [N/A]
2026/10/03 08:22:38.222, 0, 6316 MiB, 37 %, 53, 7.15 W, [N/A]
2026/10/03 08:22:40.329, 0, 6328 MiB, 30 %, 53, 5.85 W, [N/A]
2026/10/03 08:22:42.428, 0, 6313 MiB, 31 %, 53, 5.86 W, [N/A]
2026/10/03 08:22:44.528, 0, 6306 MiB, 28 %, 52, 5.69 W, [N/A]
2026/10/03 08:22:46.627, 0, 6307 MiB, 51 %, 52, 6.48 W, [N/A]
2026/10/03 08:22:48.724, 0, 6305 MiB, 6 %, 52, 11.75 W, [N/A]
